,stopwords
0,i
1,me
2,my
3,myself
4,we
5,our
6,ours
7,ourselves
8,you
9,you're
10,you've
11,you'll
12,you'd
13,your
14,yours
15,yourself
16,yourselves
17,he
18,hey
19,him
20,his
21,himself
22,she
23,she's
24,her
25,hers
26,herself
27,it
28,it's
29,its
30,itself
31,they
32,them
33,their
34,theirs
35,themselves
36,what
37,which
38,who
39,whom
40,this
41,that
42,that'll
43,these
44,those
45,am
46,is
47,are
48,was
49,were
50,be
51,been
52,got
53,being
54,have
55,has
56,had
57,having
58,do
59,does
60,did
61,doing
62,a
63,an
64,us
65,get
66,im
67,shes
68,go
69,could
70,say
71,cant
72,want
73,the
74,and
75,but
76,if
77,or
78,because
79,as
80,until
81,while
82,of
83,at
84,by
85,for
86,with
87,about
88,against
89,between
90,into
91,through
92,during
93,before
94,after
95,above
96,below
97,to
98,from
99,up
100,down
101,in
102,out
103,on
104,off
105,over
106,under
107,again
108,further
109,then
110,once
111,here
112,there
113,when
114,where
115,why
116,how
117,all
118,any
119,both
120,each
121,few
122,more
123,most
124,other
125,some
126,such
127,no
128,nor
129,not
130,only
131,own
132,same
133,so
134,than
135,too
136,very
137,s
138,t
139,can
140,will
141,just
142,don
143,don't
144,should
145,should've
146,now
147,d
148,ll
149,m
150,o
151,re
152,ve
153,y
154,ain
155,aren
156,aren't
157,couldn
158,couldn't
159,didn
160,didn't
161,doesn
162,doesn't
163,hadn
164,hadn't
165,hasn
166,hasn't
167,haven
168,haven't
169,isn
170,isn't
171,ma
172,mightn
173,mightn't
174,mustn
175,mustn't
176,needn
177,needn't
178,shan
179,shan't
180,shouldn
181,shouldn't
182,wasn
183,wasn't
184,weren
185,weren't
186,won
187,won't
188,would
189,wouldn
190,wouldn't
191,might
192,getting
193,three
194,four
195,five
196,please
197,stuff
198,attempt
199,welcome
200,two
201,dc
202,also
203,favorite
204,talking
205,anything
206,join
207,made
208,known
209,around
210,week
211,best
212,like
213,never
214,come
215,always
216,podcast
217,really
218,however
219,although
220,though
221,hence
222,every
223,weekday
224,brings
225,morning
226,top
227,days
228,thought
229,free
230,radio
231,set
232,following
233, hp 
234, dc 
235,true
236,false
237,informed
238,places
239,think
240, ever 
241,john
242,minute
243,context
244,weekly
245,daily
246,follow
247,biggest
248,one
249,hi
250,i’m
251,people
252,human
253,—
