,words,counts,modularity_class
0,mother,71,0
1,moms,23,0
2,mothers,20,0
3,woman,12,0
4,children,10,0
5,day,9,0
6,lost,9,0
7,last,9,0
8,new,9,0
9,first,8,0
10,name,8,0
11,know,7,0
12,motherhood,7,0
13,without,7,0
14,home,7,0
15,need,6,0
16,since,6,0
17,work,6,0
18,today,6,0
19,gun,6,0
20,harris,6,0
21,deep,6,0
22,police,6,0
23,honor,5,0
24,next,5,0
25,help,5,0
26,ill,5,0
27,back,5,0
28,make,5,0
29,good,5,0
30,single,5,0
31,mom,5,0
32,covid19,5,0
33,parents,5,0
34,loved,5,0
35,love,5,0
36,black,5,0
37,little,5,0
38,father,5,0
39,call,5,0
40,democrat,5,0
41,spent,5,0
42,check,5,0
43,pregnant,5,0
44,moment,5,0
45,tweet,4,0
46,kamala,4,0
47,thats,4,0
48,sister,4,0
49,american,4,0
50,trump,4,0
51,changed,4,0
52,life,4,0
53,son,4,0
54,texas,4,0
55,birth,4,0
56,pandemic,4,0
57,called,4,0
58,school,4,0
59,latch,4,0
60,young,4,0
61,fight,4,0
62,working,4,0
63,year,4,0
64,trying,3,0
65,republican,3,0
66,rehab,3,0
67,told,3,0
68,sense,3,0
69,news,3,0
70,time,3,0
71,covid,3,0
72,west,3,0
73,running,3,0
74,candidates,3,0
75,right,3,0
76,wait,3,0
77,law,3,0
78,tells,3,0
79,didnt,3,0
80,killing,3,0
81,great,3,0
82,pay,3,0
83,giving,3,0
84,believed,3,0
85,decades,3,0
86,percent,3,0
87,learn,3,0
88,support,3,0
89,eyes,3,0
90,strength,3,0
91,action,3,0
92,long,3,0
93,kids,3,0
94,nurse,3,0
95,ensure,3,0
96,mike,3,0
97,says,3,0
98,see,3,0
99,using,3,0
100,met,3,0
101,center,3,0
102,became,3,0
103,america,3,0
104,lot,3,0
105,pence,3,0
106,become,3,0
107,wasnt,3,0
108,sure,3,0
109,girl,3,0
110,men,3,0
111,live,3,0
112,parenthood,3,0
113,win,3,0
114,try,3,0
115,safety,3,0
116,able,3,0
117,much,3,0
118,came,3,0
119,tv,2,0
120,raising,2,0
121,blessing,2,0
122,entire,2,0
123,mean,2,0
124,letter,2,0
125,ask,2,0
126,independent,2,0
127,second,2,0
128,food,2,0
129,keys,2,0
130,families,2,0
131,mass,2,0
132,heartbreaking,2,0
133,blessings,2,0
134,someone,2,0
135,speaks,2,0
136,late,2,0
137,greatest,2,0
138,still,2,0
139,elliot,2,0
140,guns,2,0
141,united,2,0
142,may,2,0
143,shooting,2,0
144,hours,2,0
145,beyond,2,0
146,side,2,0
147,lisa,2,0
148,brandon,2,0
149,newborn,2,0
150,killed,2,0
151,well,2,0
152,health,2,0
153,doesnt,2,0
154,debate,2,0
155,interview,2,0
156,community,2,0
157,momsdemand,2,0
158,service,2,0
159,bills,2,0
160,force,2,0
161,cub,2,0
162,park,2,0
163,birthday,2,0
164,bidens,2,0
165,crisis,2,0
166,jones,2,0
167,plan,2,0
168,person,2,0
169,hospital,2,0
170,daughters,2,0
171,retweet,2,0
172,fighting,2,0
173,gopalan,2,0
174,citizen,2,0
175,ever,2,0
176,mark,2,0
177,mental,2,0
178,marshall,2,0
179,icymi,2,0
180,lin,2,0
181,seen,2,0
182,air,2,0
183,ahmaud,2,0
184,suffering,2,0
185,president,2,0
186,start,2,0
187,plenty,2,0
188,gave,2,0
189,drove,2,0
190,latinx,2,0
191,years,2,0
192,babies,2,0
193,count,2,0
194,dying,2,0
195,provide,2,0
196,homeschooling,2,0
197,measure,2,0
198,lives,2,0
199,naked,2,0
200,researchers,2,0
201,star,2,0
202,saw,2,0
203,magic,2,0
204,heard,2,0
205,among,2,0
206,sofia,2,0
207,leave,2,0
208,void,2,0
209,deem,2,0
210,world,2,0
211,song,2,0
212,atlanta,2,0
213,vote,2,0
214,common,2,0
215,states,2,0
216,dangerous,2,0
217,storen,2,0
218,near,2,0
219,georgia,2,0
220,shyamala,2,0
221,idol,2,0
222,shootings,2,0
223,california,2,0
224,hell,2,0
225,actual,2,0
226,hasnt,2,0
227,pushes,2,0
228,ad,2,0
229,murdered,2,0
230,economic,2,0
231,case,2,0
232,farm,2,0
233,txlege,2,0
234,poor,2,0
235,dont,2,0
236,lebanon,2,0
237,advice,2,0
238,heart,2,0
239,governor,2,0
240,sorrow,2,0
241,total,2,0
242,florida,2,0
243,current,2,0
244,complications,2,0
245,failure,2,0
246,tonight,2,0
247,‘,2,0
248,hed,2,0
249,born,2,0
250,identity,2,0
251,programs,2,0
252,planned,2,0
253,wood,2,0
254,keep,2,0
255,full,2,0
256,happy,2,0
257,collection,2,0
258,honored,2,0
259,celebrates,2,0
260,latest,2,0
261,man,2,0
262,kamalaharris,2,0
263,workforce,2,0
264,attention,2,0
265,saving,2,0
266,weve,2,0
267,public,2,0
268,orca,2,0
269,pedophilia,2,0
270,dedicated,2,0
271,natalie,2,0
272,suggest,2,0
273,st,2,0
274,feel,2,0
275,qanon,2,0
276,even,2,0
277,dancing,2,0
278,dallas,2,0
279,said,2,0
280,demand,2,0
281,details,2,0
282,glued,2,0
283,weekend,2,0
284,making,2,0
285,identifies,2,0
286,less,2,0
287,june,1,0
288,1p,1,0
289,mourning,1,0
290,faith,1,0
291,whos,1,0
292,eritrean,1,0
293,net,1,0
294,rock,1,0
295,flag,1,0
296,national,1,0
297,freezes,1,0
298,randy,1,0
299,colonels—the,1,0
300,victory,1,0
301,heads,1,0
302,elected,1,0
303,protesting,1,0
304,moves,1,0
305,protection,1,0
306,melted,1,0
307,stanton,1,0
308,abortions,1,0
309,wife,1,0
310,tackle,1,0
311,allnew,1,0
312,sanders,1,0
313,lewis,1,0
314,growing,1,0
315,postpartumdepression,1,0
316,nap,1,0
317,dermatophaga,1,0
318,barbie,1,0
319,incredibly,1,0
320,edwards,1,0
321,valentines,1,0
322,realcandaceo,1,0
323,rampage,1,0
324,refugee,1,0
325,et,1,0
326,weapons,1,0
327,vpelect,1,0
328,heritage,1,0
329,nazis,1,0
330,wednesday,1,0
331,questioning,1,0
332,holding,1,0
333,deranged,1,0
334,capitol,1,0
335,swirling,1,0
336,officials,1,0
337,twerp,1,0
338,netflix,1,0
339,premise,1,0
340,ones,1,0
341,fear,1,0
342,republicans,1,0
343,almost,1,0
344,football,1,0
345,due,1,0
346,tiktoks,1,0
347,rang,1,0
348,abuser,1,0
349,jan,1,0
350,brynn,1,0
351,maternal,1,0
352,carry,1,0
353,staying,1,0
354,move,1,0
355,faced,1,0
356,motherson,1,0
357,overall,1,0
358,majority,1,0
359,magnolia,1,0
360,enforced,1,0
361,unaffordable,1,0
362,dignity,1,0
363,found,1,0
364,job,1,0
365,fox,1,0
366,cleanairmomspa,1,0
367,hot,1,0
368,acting,1,0
369,bittersouth,1,0
370,motherinlaw,1,0
371,pick,1,0
372,evolving,1,0
373,bit,1,0
374,take,1,0
375,boots,1,0
376,platforms,1,0
377,jealous,1,0
378,newborns,1,0
379,grassroots,1,0
380,numbers,1,0
381,beautiful,1,0
382,inside,1,0
383,western,1,0
384,schoolage,1,0
385,tears,1,0
386,present,1,0
387,likes,1,0
388,forgiveness,1,0
389,lunatics,1,0
390,commutes,1,0
391,virginia,1,0
392,invited,1,0
393,hearts,1,0
394,dozing,1,0
395,asia,1,0
396,devotion,1,0
397,❤️,1,0
398,yorks,1,0
399,keepgoing,1,0
400,childcare,1,0
401,heavylifting,1,0
402,zoo,1,0
403,gender,1,0
404,ie,1,0
405,replaced,1,0
406,bellatwins,1,0
407,gurl,1,0
408,regain,1,0
409,helenlewis,1,0
410,arrest,1,0
411,makes,1,0
412,barnabas,1,0
413,murdering,1,0
414,dead,1,0
415,means,1,0
416,permitless,1,0
417,brother,1,0
418,findashleylucas,1,0
419,driven,1,0
420,imperative,1,0
421,armed,1,0
422,draws,1,0
423,federal,1,0
424,joseph,1,0
425,kevin,1,0
426,lived,1,0
427,online,1,0
428,white,1,0
429,ashleys,1,0
430,enjoy,1,0
431,haha,1,0
432,atom,1,0
433,find,1,0
434,goldstarmothersday,1,0
435,mum,1,0
436,laws,1,0
437,fthe,1,0
438,secret,1,0
439,wrote,1,0
440,runoff,1,0
441,veteran,1,0
442,many,1,0
443,boxing,1,0
444,taboo,1,0
445,cuban,1,0
446,page,1,0
447,bitch,1,0
448,amanda,1,0
449,granted,1,0
450,readable,1,0
451,brooklyntogether,1,0
452,virus,1,0
453,maker,1,0
454,breaking,1,0
455,governing,1,0
456,debut,1,0
457,closing,1,0
458,humankind,1,0
459,rantcast,1,0
460,possible,1,0
461,daymaybe,1,0
462,horrible,1,0
463,yad,1,0
464,parts,1,0
465,outside,1,0
466,crap,1,0
467,babyblues,1,0
468,difference,1,0
469,vulnerabilityavailable,1,0
470,series,1,0
471,15monthold,1,0
472,enshrouded,1,0
473,josh,1,0
474,scream,1,0
475,child,1,0
476,multilingualism,1,0
477,relied,1,0
478,lose,1,0
479,things,1,0
480,recognizes,1,0
481,according,1,0
482,kisses,1,0
483,nanaadjoamusic,1,0
484,cybersecurity,1,0
485,updated,1,0
486,radnor,1,0
487,issues,1,0
488,douglasss,1,0
489,southwest,1,0
490,bands,1,0
491,wellpreserved,1,0
492,except,1,0
493,goes,1,0
494,damehood,1,0
495,family,1,0
496,10ish,1,0
497,major,1,0
498,kamalas,1,0
499,mortality,1,0
500,mother,107,1
501,mothers,31,1
502,moms,26,1
503,day,23,1
504,help,21,1
505,new,16,1
506,son,15,1
507,black,14,1
508,family,13,1
509,today,13,1
510,happy,11,1
511,daughter,11,1
512,work,10,1
513,says,10,1
514,girl,9,1
515,love,9,1
516,see,9,1
517,keep,8,1
518,year,8,1
519,time,8,1
520,killed,8,1
521,born,8,1
522,police,8,1
523,years,7,1
524,said,7,1
525,protect,7,1
526,life,7,1
527,mothersday,7,1
528,women,6,1
529,first,6,1
530,covid19,6,1
531,thanks,5,1
532,back,5,1
533,‘,5,1
534,boy,5,1
535,youre,5,1
536,working,5,1
537,proud,5,1
538,father,5,1
539,stop,5,1
540,country,5,1
541,taylors,5,1
542,breonna,5,1
543,call,5,1
544,men,5,1
545,white,5,1
546,child,5,1
547,run,5,1
548,music,5,1
549,still,5,1
550,woman,5,1
551,called,5,1
552,newborn,5,1
553,dont,5,1
554,whos,5,1
555,death,5,1
556,part,4,1
557,amazing,4,1
558,killing,4,1
559,vote,4,1
560,young,4,1
561,shot,4,1
562,little,4,1
563,man,4,1
564,rest,4,1
565,serve,4,1
566,west,4,1
567,america,4,1
568,especially,4,1
569,sunday,4,1
570,long,4,1
571,many,4,1
572,ill,4,1
573,president,4,1
574,star,4,1
575,support,4,1
576,make,4,1
577,peace,4,1
578,right,4,1
579,cop,4,1
580,times,4,1
581,house,4,1
582,looking,4,1
583,raise,4,1
584,justice,4,1
585,tonight,4,1
586,honor,4,1
587,trump,4,1
588,w,3,1
589,world,3,1
590,sure,3,1
591,continuing,3,1
592,everything,3,1
593,wrote,3,1
594,end,3,1
595,simple,3,1
596,even,3,1
597,knows,3,1
598,harris,3,1
599,take,3,1
600,need,3,1
601,fight,3,1
602,night,3,1
603,isnt,3,1
604,lost,3,1
605,married,3,1
606,politics,3,1
607,told,3,1
608,george,3,1
609,health,3,1
610,food,3,1
611,able,3,1
612,died,3,1
613,island,3,1
614,tell,3,1
615,parents,3,1
616,hiding,3,1
617,ive,3,1
618,service,3,1
619,thank,3,1
620,served,3,1
621,sex,3,1
622,maternal,3,1
623,id,3,1
624,friends,3,1
625,safe,3,1
626,pregnant,3,1
627,listen,3,1
628,jennifer,3,1
629,became,3,1
630,brother,3,1
631,mission,3,1
632,pandemic,3,1
633,couldnt,3,1
634,taken,3,1
635,fathers,3,1
636,lets,3,1
637,nature,3,1
638,find,3,1
639,home,3,1
640,later,3,1
641,read,3,1
642,worried,3,1
643,far,3,1
644,calf,3,1
645,children,3,1
646,jones,3,1
647,give,3,1
648,breakfast,3,1
649,last,3,1
650,weekend,3,1
651,yes,3,1
652,mr,3,1
653,biden,3,1
654,going,3,1
655,excited,2,1
656,learn,2,1
657,soul,2,1
658,future,2,1
659,happymothersday,2,1
660,mask,2,1
661,song,2,1
662,joe,2,1
663,positive,2,1
664,gave,2,1
665,rolled,2,1
666,whose,2,1
667,fighting,2,1
668,wanted,2,1
669,florida,2,1
670,nearly,2,1
671,floor,2,1
672,gun,2,1
673,womenshistorymonth,2,1
674,jewish,2,1
675,system,2,1
676,episode,2,1
677,moment,2,1
678,website,2,1
679,happens,2,1
680,film,2,1
681,excellent,2,1
682,look,2,1
683,veteran,2,1
684,san,2,1
685,thriller,2,1
686,coproduce,2,1
687,teresa,2,1
688,washington,2,1
689,know,2,1
690,anyone,2,1
691,remote,2,1
692,keys,2,1
693,cnn,2,1
694,pool,2,1
695,arberys,2,1
696,hands,2,1
697,prize,2,1
698,families,2,1
699,congress,2,1
700,message,2,1
701,worry,2,1
702,finding,2,1
703,dollar,2,1
704,mama,2,1
705,drphil,2,1
706,left,2,1
707,female,2,1
708,control,2,1
709,daunte,2,1
710,bed,2,1
711,da,2,1
712,wage,2,1
713,old,2,1
714,weeks,2,1
715,wait,2,1
716,comes,2,1
717,murdered,2,1
718,training,2,1
719,strength,2,1
720,motherhood,2,1
721,video,2,1
722,alive,2,1
723,learning,2,1
724,beyond,2,1
725,dinner,2,1
726,mamas,2,1
727,important,2,1
728,joining,2,1
729,candice,2,1
730,vaccine,2,1
731,queens,2,1
732,carl,2,1
733,vaccinated,2,1
734,donations,2,1
735,southern,2,1
736,earth,2,1
737,used,2,1
738,holds,2,1
739,lula,2,1
740,via,2,1
741,without,2,1
742,coronavirus,2,1
743,search,2,1
744,hard,2,1
745,assassin,2,1
746,money,2,1
747,play,2,1
748,everywhere,2,1
749,saved,2,1
750,sit,2,1
751,talk,2,1
752,person,2,1
753,cancer,2,1
754,york,2,1
755,anytime,2,1
756,designed,2,1
757,rights,2,1
758,instead,2,1
759,age,2,1
760,keeps,2,1
761,nancy,2,1
762,celebrating,2,1
763,baby,2,1
764,way,2,1
765,school,2,1
766,show,2,1
767,accept,2,1
768,survive,2,1
769,mom,2,1
770,weisselberg,2,1
771,book,2,1
772,well,2,1
773,watched,2,1
774,pm,2,1
775,thats,2,1
776,plans,2,1
777,jlo,2,1
778,went,2,1
779,street,2,1
780,thinking,2,1
781,plan,2,1
782,reminder,2,1
783,special,2,1
784,beach,2,1
785,exclusive,2,1
786,thing,2,1
787,stand,2,1
788,taking,2,1
789,cleanups,2,1
790,twins,2,1
791,writes,2,1
792,trying,2,1
793,gets,2,1
794,violence,2,1
795,celebrate,2,1
796,miss,2,1
797,community,2,1
798,small,2,1
799,room,2,1
800,die,2,1
801,deported,2,1
802,beautiful,2,1
803,scene,2,1
804,create,2,1
805,came,2,1
806,care,2,1
807,mind,2,1
808,nicolledwallace,2,1
809,everyone,2,1
810,teachers,2,1
811,alzheimers,2,1
812,lead,2,1
813,❤️,2,1
814,sons,2,1
815,send,2,1
816,next,2,1
817,repeatedly,2,1
818,lopez,2,1
819,jessie,2,1
820,sir,2,1
821,dear,2,1
822,bexley,2,1
823,deadly,2,1
824,…,2,1
825,hear,2,1
826,klan,2,1
827,pain,2,1
828,single,2,1
829,sisters,2,1
830,water,2,1
831,met,2,1
832,lives,2,1
833,stay,2,1
834,looks,2,1
835,gold,2,1
836,watch,2,1
837,columbus,2,1
838,parenting,2,1
839,floyd,2,1
840,faith,2,1
841,members,2,1
842,word,2,1
843,toddler,2,1
844,afraid,2,1
845,dead,2,1
846,role,2,1
847,dangerous,2,1
848,saying,2,1
849,realdonaldtrump,2,1
850,impact,2,1
851,students,2,1
852,influence,2,1
853,away,2,1
854,whether,2,1
855,struggling,2,1
856,gina,2,1
857,car,2,1
858,definitely,2,1
859,literally,2,1
860,skilled,1,1
861,finally,1,1
862,june,1,1
863,swore,1,1
864,passed,1,1
865,faculty,1,1
866,related,1,1
867,rock,1,1
868,act,1,1
869,limousine,1,1
870,grammy,1,1
871,he…,1,1
872,fiesta,1,1
873,mlk,1,1
874,unable,1,1
875,forget,1,1
876,candidates,1,1
877,ratproducerengineersongwritermum,1,1
878,bookoftheday,1,1
879,bits,1,1
880,grandmothers,1,1
881,caribbean,1,1
882,visit,1,1
883,looting,1,1
884,try,1,1
885,use,1,1
886,theres,1,1
887,cow,1,1
888,accountability,1,1
889,changes,1,1
890,phasein,1,1
891,activists,1,1
892,rice,1,1
893,london,1,1
894,appointment,1,1
895,suspicion,1,1
896,teamtrump,1,1
897,appointments,1,1
898,affordable,1,1
899,prosecutors,1,1
900,mirjordan,1,1
901,holding,1,1
902,makes,1,1
903,siriusxm,1,1
904,questioning,1,1
905,superhero,1,1
906,allnew,1,1
907,migrant,1,1
908,walked,1,1
909,humbly,1,1
910,5yearold,1,1
911,sundaymornings,1,1
912,hospital,1,1
913,heart,1,1
914,snapchat,1,1
915,sailor,1,1
916,ensured,1,1
917,taxes,1,1
918,corrected,1,1
919,bone,1,1
920,imprisoned,1,1
921,fbi,1,1
922,donation,1,1
923,august,1,1
924,pastrami,1,1
925,politico,1,1
926,drew,1,1
927,wellness,1,1
928,hutchinson,1,1
929,rocco,1,1
930,barbmcquade,1,1
931,commitment,1,1
932,businesses,1,1
933,🌎💜,1,1
934,tomorrows,1,1
935,tyson,1,1
936,classics,1,1
937,committed,1,1
938,obligation,1,1
939,uks,1,1
940,democracy,1,1
941,etpt,1,1
942,giving,1,1
943,nypdnews,1,1
944,criminals,1,1
945,shoot,1,1
946,exciting,1,1
947,courage,1,1
948,videotaped,1,1
949,strong,1,1
950,dharp100mh,1,1
951,contribution,1,1
952,sponsors,1,1
953,enjoy😘,1,1
954,photo,1,1
955,received,1,1
956,montreal,1,1
957,raised,1,1
958,job,1,1
959,held,1,1
960,wentworth,1,1
961,economic,1,1
962,donate,1,1
963,unauthorized,1,1
964,russians,1,1
965,african,1,1
966,blankets,1,1
967,🇩🇴,1,1
968,great,1,1
969,philippines,1,1
970,veiled,1,1
971,dearly,1,1
972,lived,1,1
973,mercury,1,1
974,anniversary,1,1
975,—rebecca,1,1
976,owe,1,1
977,funding,1,1
978,audio,1,1
979,jimgaffigan,1,1
980,davosagena,1,1
981,melissa,1,1
982,anywhere,1,1
983,non,1,1
984,emotional,1,1
985,ahmaud,1,1
986,struggles,1,1
987,mangum1,1,1
988,duties,1,1
989,josh,1,1
990,faced,1,1
991,fraud,1,1
992,impacted,1,1
993,godmother,1,1
994,astronomer,1,1
995,olympics,1,1
996,financial,1,1
997,giveaway,1,1
998,must,1,1
999,strassberg,1,1
1000,mother,50,2
1001,pregnant,16,2
1002,moms,11,2
1003,know,10,2
1004,baby,10,2
1005,black,9,2
1006,kids,9,2
1007,dont,8,2
1008,look,8,2
1009,trump,7,2
1010,need,7,2
1011,going,6,2
1012,lot,6,2
1013,care,6,2
1014,jones,6,2
1015,attack,6,2
1016,see,5,2
1017,women,5,2
1018,year,5,2
1019,mothers,5,2
1020,health,5,2
1021,said,5,2
1022,mommy,5,2
1023,wright,5,2
1024,newborn,5,2
1025,police,5,2
1026,love,5,2
1027,time,5,2
1028,story,4,2
1029,parenthood,4,2
1030,hes,4,2
1031,left,4,2
1032,safety,4,2
1033,take,4,2
1034,protect,4,2
1035,children,4,2
1036,trumps,4,2
1037,life,4,2
1038,asked,4,2
1039,many,4,2
1040,youre,4,2
1041,mum,4,2
1042,world,4,2
1043,yet,4,2
1044,first,4,2
1045,clark,4,2
1046,america,4,2
1047,died,4,2
1048,learn,4,2
1049,innocent,3,2
1050,planned,3,2
1051,hour,3,2
1052,literally,3,2
1053,everytown,3,2
1054,big,3,2
1055,blm,3,2
1056,katie,3,2
1057,military,3,2
1058,gatherings,3,2
1059,safer,3,2
1060,motherhood,3,2
1061,day,3,2
1062,parenting,3,2
1063,father,3,2
1064,line,3,2
1065,daughter,3,2
1066,daunte,3,2
1067,become,3,2
1068,shooting,3,2
1069,woman,3,2
1070,ive,3,2
1071,forced,3,2
1072,talk,3,2
1073,covid19,3,2
1074,months,3,2
1075,vaccine,3,2
1076,troops,3,2
1077,rested,3,2
1078,embarrased,3,2
1079,via,3,2
1080,support,3,2
1081,others,3,2
1082,told,3,2
1083,school,3,2
1084,put,3,2
1085,brother,3,2
1086,peaceful,3,2
1087,history,3,2
1088,wait,3,2
1089,motivated,3,2
1090,disposable,3,2
1091,grandmother,3,2
1092,reps,3,2
1093,give,3,2
1094,repubs,3,2
1095,treated,3,2
1096,warm,3,2
1097,little,3,2
1098,winter,3,2
1099,garbage,3,2
1100,movement,3,2
1101,number,3,2
1102,learned,3,2
1103,friend,3,2
1104,proud,3,2
1105,risk,2,2
1106,done,2,2
1107,culture,2,2
1108,called,2,2
1109,wish,2,2
1110,wild,2,2
1111,citing,2,2
1112,single,2,2
1113,animals,2,2
1114,arent,2,2
1115,strangelilbird,2,2
1116,air,2,2
1117,jaguar,2,2
1118,start,2,2
1119,facebook,2,2
1120,staying,2,2
1121,lets,2,2
1122,body,2,2
1123,gun,2,2
1124,motherinlaw,2,2
1125,orphans,2,2
1126,business,2,2
1127,expecting,2,2
1128,sounds,2,2
1129,politically,2,2
1130,nature,2,2
1131,update,2,2
1132,home,2,2
1133,kyle,2,2
1134,son,2,2
1135,busy,2,2
1136,lost,2,2
1137,offered,2,2
1138,back,2,2
1139,new,2,2
1140,lived,2,2
1141,happen,2,2
1142,election,2,2
1143,families,2,2
1144,thats,2,2
1145,pandemic,2,2
1146,united,2,2
1147,w,2,2
1148,birth,2,2
1149,beloved,2,2
1150,funding,2,2
1151,may,2,2
1152,open,2,2
1153,outrage,2,2
1154,letter,2,2
1155,singles,2,2
1156,much,2,2
1157,crisis,2,2
1158,challenges,2,2
1159,joke,2,2
1160,sandwiched,2,2
1161,due,2,2
1162,service,2,2
1163,appointment,2,2
1164,weve,2,2
1165,space,2,2
1166,still,2,2
1167,watch,2,2
1168,showing,2,2
1169,hugs,2,2
1170,wife,2,2
1171,stop,2,2
1172,momsdemand,2,2
1173,finds,2,2
1174,tomorrow,2,2
1175,already,2,2
1176,future,2,2
1177,justice,2,2
1178,message,2,2
1179,shirt,2,2
1180,husband,2,2
1181,pence,2,2
1182,🚨,2,2
1183,sequette,2,2
1184,rural,2,2
1185,live,2,2
1186,–,2,2
1187,gold,2,2
1188,happy,2,2
1189,ensure,2,2
1190,survived,2,2
1191,another,2,2
1192,white,2,2
1193,wall,2,2
1194,changes,2,2
1195,february,2,2
1196,across,2,2
1197,flint,2,2
1198,spell,2,2
1199,till,2,2
1200,read,2,2
1201,next,2,2
1202,pray,2,2
1203,born,2,2
1204,forget,2,2
1205,virus,2,2
1206,child,2,2
1207,killed,2,2
1208,giving,2,2
1209,fusion,2,2
1210,olympic,2,2
1211,bert,2,2
1212,shared,2,2
1213,stephon,2,2
1214,🔥,2,2
1215,increased,2,2
1216,things,2,2
1217,border,2,2
1218,older,2,2
1219,‘,2,2
1220,yes,2,2
1221,use,2,2
1222,even,2,2
1223,jesus,2,2
1224,mission,2,2
1225,disarmhate,1,2
1226,recommendations,1,2
1227,lynching,1,2
1228,sugar,1,2
1229,ballot,1,2
1230,clinesmiths,1,2
1231,cause,1,2
1232,scolding,1,2
1233,enduring,1,2
1234,simpsondossier,1,2
1235,babies,1,2
1236,medals,1,2
1237,mental,1,2
1238,female,1,2
1239,mike,1,2
1240,maternal,1,2
1241,delivered,1,2
1242,elijah,1,2
1243,prevent,1,2
1244,carter,1,2
1245,rights,1,2
1246,page,1,2
1247,childcare,1,2
1248,savanah,1,2
1249,nazareth,1,2
1250,wellness,1,2
1251,emergencezine,1,2
1252,tokyo2020,1,2
1253,laughable,1,2
1254,comprise,1,2
1255,later,1,2
1256,stops,1,2
1257,walks,1,2
1258,dougherty,1,2
1259,grandmagrit,1,2
1260,fear,1,2
1261,reported,1,2
1262,almost,1,2
1263,prepare,1,2
1264,confused,1,2
1265,act,1,2
1266,thinking,1,2
1267,cut,1,2
1268,adventurous,1,2
1269,platform,1,2
1270,songs,1,2
1271,fbi,1,2
1272,nearly,1,2
1273,prosecutors,1,2
1274,route,1,2
1275,ending,1,2
1276,torrie11,1,2
1277,hopefully,1,2
1278,healthcareheroes,1,2
1279,hat,1,2
1280,wwethebump,1,2
1281,offers,1,2
1282,clarity,1,2
1283,arm,1,2
1284,tamir,1,2
1285,mj,1,2
1286,impeachment,1,2
1287,suffered,1,2
1288,organisms,1,2
1289,shouldnt,1,2
1290,caused,1,2
1291,lilialuciano,1,2
1292,dead,1,2
1293,screaming,1,2
1294,arrest,1,2
1295,populations,1,2
1296,total,1,2
1297,➡️smithsonian,1,2
1298,district,1,2
1299,used,1,2
1300,bottom,1,2
1301,helen,1,2
1302,folicacid,1,2
1303,comalike,1,2
1304,none,1,2
1305,anniversary,1,2
1306,along,1,2
1307,decided,1,2
1308,fortune,1,2
1309,loan,1,2
1310,coworker,1,2
1311,anna,1,2
1312,gain,1,2
1313,data,1,2
1314,republicans,1,2
1315,enveloped,1,2
1316,survive,1,2
1317,colleagues,1,2
1318,waring,1,2
1319,sister,1,2
1320,abortions,1,2
1321,anymore,1,2
1322,susan,1,2
1323,workforce,1,2
1324,prattle,1,2
1325,struggle,1,2
1326,mind,1,2
1327,cg,1,2
1328,factor,1,2
1329,post,1,2
1330,mookmorris2,1,2
1331,depleted,1,2
1332,bio,1,2
1333,amanda,1,2
1334,milking,1,2
1335,beings,1,2
1336,fisher,1,2
1337,rittenhouses,1,2
1338,became,1,2
1339,substance,1,2
1340,argentina,1,2
1341,ramarley,1,2
1342,zerotolerance,1,2
1343,sure,1,2
1344,buy,1,2
1345,activist,1,2
1346,reno911tv,1,2
1347,lip,1,2
1348,great,1,2
1349,youtube,1,2
1350,polling,1,2
1351,ethan727joanne,1,2
1352,happening,1,2
1353,tuckerisabigot,1,2
1354,prodiversity,1,2
1355,jaketapper,1,2
1356,major,1,2
1357,grammy,1,2
1358,performances,1,2
1359,travis,1,2
1360,conviction,1,2
1361,industry,1,2
1362,fight,1,2
1363,eggfreezing,1,2
1364,biased,1,2
1365,felt,1,2
1366,mitch,1,2
1367,unit,1,2
1368,commercializing,1,2
1369,juana,1,2
1370,gop,1,2
1371,flours,1,2
1372,dearly,1,2
1373,motherfucker,1,2
1374,apartment,1,2
1375,saying,1,2
1376,donated,1,2
1377,na,1,2
1378,examine,1,2
1379,smiling,1,2
1380,tell,1,2
1381,defend,1,2
1382,ta,1,2
1383,lucky,1,2
1384,students,1,2
1385,important,1,2
1386,inside,1,2
1387,today,1,2
1388,fact,1,2
1389,date​,1,2
1390,borisjohnson,1,2
1391,deserved,1,2
1392,lymond,1,2
1393,evangelicals,1,2
1394,fiercely,1,2
1395,economic,1,2
1396,rare,1,2
1397,smart,1,2
1398,seen,1,2
1399,jokes,1,2
1400,vulnerable,1,2
1401,turned,1,2
1402,high,1,2
1403,⭐️,1,2
1404,suburb,1,2
1405,wears,1,2
1406,chipfranklin,1,2
1407,britrican,1,2
1408,amount,1,2
1409,crucial,1,2
1410,facing,1,2
1411,fucking,1,2
1412,➡️khanacademy,1,2
1413,captivity​,1,2
1414,someone,1,2
1415,call,1,2
1416,worker,1,2
1417,harming,1,2
1418,ever,1,2
1419,bc,1,2
1420,evictions,1,2
1421,fits,1,2
1422,brandicarlile,1,2
1423,strike,1,2
1424,except,1,2
1425,physician,1,2
1426,centuryperiod,1,2
1427,genx,1,2
1428,whose,1,2
1429,rent,1,2
1430,specific,1,2
1431,moore,1,2
1432,devastated,1,2
1433,personal,1,2
1434,covidjusticeuk,1,2
1435,chase,1,2
1436,zack,1,2
1437,32yo,1,2
1438,tough,1,2
1439,whipped,1,2
1440,begin,1,2
1441,wants,1,2
1442,deserve,1,2
1443,strangers,1,2
1444,grahams,1,2
1445,hide,1,2
1446,ok,1,2
1447,capitol,1,2
1448,venture,1,2
1449,patients,1,2
1450,sundaysunrise,1,2
1451,peter,1,2
1452,laid,1,2
1453,10th,1,2
1454,wonderful,1,2
1455,career,1,2
1456,educator,1,2
1457,providing,1,2
1458,ago,1,2
1459,continues,1,2
1460,nation,1,2
1461,mr,1,2
1462,began,1,2
1463,eggs,1,2
1464,xo,1,2
1465,yrs,1,2
1466,explanation,1,2
1467,indonesian,1,2
1468,crimeonlinenews,1,2
1469,highlands,1,2
1470,waited,1,2
1471,mortality,1,2
1472,pressure,1,2
1473,congressman,1,2
1474,undocumented,1,2
1475,restaurants,1,2
1476,month,1,2
1477,magaterrorists,1,2
1478,imagined,1,2
1479,mcclain,1,2
1480,showcases,1,2
1481,burnt,1,2
1482,insurrectionists,1,2
1483,probation,1,2
1484,hoofsteps,1,2
1485,since,1,2
1486,tx,1,2
1487,…,1,2
1488,chemist,1,2
1489,questions,1,2
1490,matter,1,2
1491,shamu,1,2
1492,pink,1,2
1493,song,1,2
1494,conspiracy,1,2
1495,needing,1,2
1496,appreciate,1,2
1497,remote,1,2
1498,kylegriffin1,1,2
1499,girl,1,2
1500,mother,81,3
1501,mothers,18,3
1502,day,15,3
1503,moms,14,3
1504,son,13,3
1505,care,11,3
1506,child,11,3
1507,women,10,3
1508,time,10,3
1509,pay,9,3
1510,pregnant,8,3
1511,health,8,3
1512,family,8,3
1513,back,8,3
1514,killed,8,3
1515,cancer,7,3
1516,make,7,3
1517,police,7,3
1518,life,7,3
1519,see,7,3
1520,single,7,3
1521,kids,7,3
1522,judge,6,3
1523,knew,6,3
1524,young,6,3
1525,need,6,3
1526,leave,6,3
1527,working,6,3
1528,community,6,3
1529,father,6,3
1530,love,6,3
1531,way,6,3
1532,better,5,3
1533,men,5,3
1534,found,5,3
1535,lives,5,3
1536,baby,5,3
1537,last,5,3
1538,paid,5,3
1539,fighting,5,3
1540,book,5,3
1541,especially,5,3
1542,home,5,3
1543,says,5,3
1544,thank,5,3
1545,ever,5,3
1546,prince,5,3
1547,hear,5,3
1548,today,5,3
1549,full,5,3
1550,dead,5,3
1551,america,5,3
1552,star,5,3
1553,breonna,4,3
1554,equal,4,3
1555,sure,4,3
1556,nature,4,3
1557,work,4,3
1558,first,4,3
1559,taking,4,3
1560,called,4,3
1561,living,4,3
1562,parenting,4,3
1563,name,4,3
1564,words,4,3
1565,right,4,3
1566,may,4,3
1567,must,4,3
1568,take,4,3
1569,new,4,3
1570,parenthood,4,3
1571,happen,4,3
1572,experience,4,3
1573,anyone,4,3
1574,voted,4,3
1575,earth,4,3
1576,call,4,3
1577,reports,3,3
1578,next,3,3
1579,room,3,3
1580,justice,3,3
1581,spoke,3,3
1582,video,3,3
1583,families,3,3
1584,late,3,3
1585,use,3,3
1586,heroes,3,3
1587,times,3,3
1588,womens,3,3
1589,states,3,3
1590,delivered,3,3
1591,currently,3,3
1592,save,3,3
1593,happy,3,3
1594,workers,3,3
1595,demand,3,3
1596,via,3,3
1597,everything,3,3
1598,mental,3,3
1599,weeks,3,3
1600,season,3,3
1601,million,3,3
1602,death,3,3
1603,case,3,3
1604,understand,3,3
1605,world,3,3
1606,congratulations,3,3
1607,episode,3,3
1608,laid,3,3
1609,whole,3,3
1610,essential,3,3
1611,sons,3,3
1612,seen,3,3
1613,eight,3,3
1614,country,3,3
1615,felt,3,3
1616,sister,3,3
1617,powerful,3,3
1618,united,3,3
1619,going,3,3
1620,apartment,3,3
1621,taylor,3,3
1622,shot,3,3
1623,shares,3,3
1624,pandemic,3,3
1625,amazing,3,3
1626,princess,3,3
1627,brother,3,3
1628,hiv,3,3
1629,said,3,3
1630,celebrate,3,3
1631,violence,3,3
1632,emt,3,3
1633,talk,3,3
1634,mothersday,3,3
1635,started,3,3
1636,woman,3,3
1637,art,3,3
1638,needs,3,3
1639,feel,3,3
1640,ivey,2,3
1641,continue,2,3
1642,start,2,3
1643,years,2,3
1644,thats,2,3
1645,senate,2,3
1646,feeling,2,3
1647,cute,2,3
1648,murderer,2,3
1649,safe,2,3
1650,honored,2,3
1651,coronavirus,2,3
1652,prevent,2,3
1653,lies,2,3
1654,little,2,3
1655,jamie,2,3
1656,international,2,3
1657,pelosi,2,3
1658,driver,2,3
1659,congress,2,3
1660,air,2,3
1661,else,2,3
1662,crash,2,3
1663,speaking,2,3
1664,ones,2,3
1665,sorry,2,3
1666,nytimes,2,3
1667,funeral,2,3
1668,saw,2,3
1669,mcmichael,2,3
1670,mark,2,3
1671,immigrants,2,3
1672,theres,2,3
1673,etc,2,3
1674,expanse,2,3
1675,carolina,2,3
1676,greene,2,3
1677,let,2,3
1678,black,2,3
1679,sorrentino,2,3
1680,fox411,2,3
1681,loved,2,3
1682,execution,2,3
1683,federal,2,3
1684,philips,2,3
1685,newborn,2,3
1686,grant,2,3
1687,beloved,2,3
1688,bear,2,3
1689,largest,2,3
1690,mind,2,3
1691,rtexas,2,3
1692,none,2,3
1693,heres,2,3
1694,pool,2,3
1695,money,2,3
1696,year,2,3
1697,service,2,3
1698,loss,2,3
1699,makeup,2,3
1700,doesnt,2,3
1701,immigrant,2,3
1702,hands,2,3
1703,george,2,3
1704,dragon,2,3
1705,petrovic,2,3
1706,dads,2,3
1707,mary,2,3
1708,including,2,3
1709,introduce,2,3
1710,tearfully,2,3
1711,gun,2,3
1712,door,2,3
1713,comes,2,3
1714,emarvelous,2,3
1715,lead,2,3
1716,coming,2,3
1717,honestly,2,3
1718,joebiden,2,3
1719,rep,2,3
1720,freshener,2,3
1721,telling,2,3
1722,planned,2,3
1723,republican,2,3
1724,bill,2,3
1725,nancy,2,3
1726,unarmed,2,3
1727,party,2,3
1728,among,2,3
1729,flying,2,3
1730,mum,2,3
1731,spoilers,2,3
1732,phone,2,3
1733,jung,2,3
1734,testing,2,3
1735,shooting,2,3
1736,later,2,3
1737,billion,2,3
1738,received,2,3
1739,stone,2,3
1740,isis,2,3
1741,solutions,2,3
1742,glad,2,3
1743,husband,2,3
1744,friend,2,3
1745,background,2,3
1746,build,2,3
1747,jones,2,3
1748,action,2,3
1749,basketball,2,3
1750,report,2,3
1751,support,2,3
1752,north,2,3
1753,mums,2,3
1754,emergency,2,3
1755,difference,2,3
1756,even,2,3
1757,political,2,3
1758,dont,2,3
1759,visit,2,3
1760,died,2,3
1761,many,2,3
1762,joe,2,3
1763,went,2,3
1764,capitol,2,3
1765,silicon,2,3
1766,review,2,3
1767,wife,2,3
1768,stop,2,3
1769,valley,2,3
1770,joined,2,3
1771,tennessee,2,3
1772,covid,2,3
1773,house,2,3
1774,march,2,3
1775,ban,2,3
1776,future,2,3
1777,read,2,3
1778,matter,2,3
1779,network,2,3
1780,children,2,3
1781,saturday,2,3
1782,raising,2,3
1783,things,2,3
1784,american,2,3
1785,lptv,2,3
1786,wrote,2,3
1787,uk,2,3
1788,taught,2,3
1789,issues,2,3
1790,heartbreaking,2,3
1791,palmer,2,3
1792,lifting,2,3
1793,listen,2,3
1794,hyun,2,3
1795,mississippi,2,3
1796,pass,2,3
1797,eggs,2,3
1798,animal,2,3
1799,foundation,2,3
1800,expand,2,3
1801,tamika,2,3
1802,tested,2,3
1803,worker,2,3
1804,news,2,3
1805,nearly,2,3
1806,science,2,3
1807,harry,2,3
1808,sale,2,3
1809,spirit,2,3
1810,dedicated,2,3
1811,months,2,3
1812,along,2,3
1813,fight,2,3
1814,taxes,1,3
1815,gifting,1,3
1816,alexenglish2,1,3
1817,natalia,1,3
1818,yi,1,3
1819,ensure,1,3
1820,driven,1,3
1821,due,1,3
1822,gave,1,3
1823,donate,1,3
1824,preelection,1,3
1825,snow,1,3
1826,link,1,3
1827,repeatedly,1,3
1828,juneteenth,1,3
1829,pick,1,3
1830,pretending,1,3
1831,migrant,1,3
1832,sing,1,3
1833,announces,1,3
1834,riots,1,3
1835,sheriffs,1,3
1836,explain,1,3
1837,purge,1,3
1838,silenced,1,3
1839,used,1,3
1840,wednesday,1,3
1841,conversations,1,3
1842,pete,1,3
1843,mcfadden,1,3
1844,wanda,1,3
1845,downstairs,1,3
1846,hearing,1,3
1847,gifts,1,3
1848,treasures,1,3
1849,entirely,1,3
1850,versus,1,3
1851,sisters,1,3
1852,wraps,1,3
1853,chip,1,3
1854,stops,1,3
1855,unionist,1,3
1856,walking,1,3
1857,wed,1,3
1858,pushed,1,3
1859,wednesdays,1,3
1860,backyard,1,3
1861,kentucky,1,3
1862,president,1,3
1863,according,1,3
1864,officials,1,3
1865,midnight,1,3
1866,dudes,1,3
1867,bbcpanoramas,1,3
1868,toxic,1,3
1869,chemo,1,3
1870,terminal,1,3
1871,moves,1,3
1872,access,1,3
1873,members,1,3
1874,cshep,1,3
1875,using,1,3
1876,laing,1,3
1877,stroll,1,3
1878,breathe,1,3
1879,brilliant,1,3
1880,editions,1,3
1881,sinha,1,3
1882,outside,1,3
1883,fitting,1,3
1884,fund,1,3
1885,rcamposduffy,1,3
1886,tickled,1,3
1887,nail,1,3
1888,snap,1,3
1889,boebert,1,3
1890,uncorked,1,3
1891,blessed,1,3
1892,vanessa,1,3
1893,californiafires,1,3
1894,classism,1,3
1895,zone,1,3
1896,apparently,1,3
1897,christine,1,3
1898,s5e3,1,3
1899,finally,1,3
1900,ecuadorianmum,1,3
1901,another,1,3
1902,language,1,3
1903,youngest,1,3
1904,benefits,1,3
1905,online,1,3
1906,coach,1,3
1907,weekendstyle,1,3
1908,virginia,1,3
1909,know,1,3
1910,inspired,1,3
1911,daddy,1,3
1912,jwgiglio,1,3
1913,bowed,1,3
1914,warning,1,3
1915,yall,1,3
1916,zip,1,3
1917,ahmaud,1,3
1918,ads,1,3
1919,craigmalrob,1,3
1920,paternity,1,3
1921,reptiles,1,3
1922,banned,1,3
1923,group,1,3
1924,infrequent,1,3
1925,move,1,3
1926,106°c,1,3
1927,conservative,1,3
1928,seniors,1,3
1929,australiazoo,1,3
1930,motherhood,1,3
1931,orders,1,3
1932,eugenies,1,3
1933,drivers,1,3
1934,owe,1,3
1935,usmexico,1,3
1936,finest,1,3
1937,travis,1,3
1938,subway,1,3
1939,substance,1,3
1940,passed,1,3
1941,tankdabulldog16,1,3
1942,schedules,1,3
1943,aids,1,3
1944,medicaid,1,3
1945,motherinlaw,1,3
1946,values,1,3
1947,disabled,1,3
1948,finishing,1,3
1949,bryant,1,3
1950,gohmert,1,3
1951,momentum,1,3
1952,pop,1,3
1953,highperforming,1,3
1954,buildbackbetter,1,3
1955,faith,1,3
1956,god,1,3
1957,casually,1,3
1958,randy,1,3
1959,prison,1,3
1960,senator,1,3
1961,chauvin,1,3
1962,momsdemand,1,3
1963,ruminations,1,3
1964,ticket,1,3
1965,great,1,3
1966,worldi,1,3
1967,dumb,1,3
1968,colinkalmbacher,1,3
1969,juvenile,1,3
1970,lights,1,3
1971,trip,1,3
1972,buy,1,3
1973,childhood,1,3
1974,giving,1,3
1975,threw,1,3
1976,mass,1,3
1977,scammers,1,3
1978,populations,1,3
1979,boilerball,1,3
1980,arrest,1,3
1981,trauma,1,3
1982,duo,1,3
1983,hartfordcourant,1,3
1984,job,1,3
1985,wines,1,3
1986,trans,1,3
1987,converted,1,3
1988,jealous,1,3
1989,incredibly,1,3
1990,tubman,1,3
1991,hospital,1,3
1992,secretinhereyes,1,3
1993,georgia,1,3
1994,elephants,1,3
1995,place,1,3
1996,births,1,3
1997,sending,1,3
1998,brand,1,3
1999,hair,1,3
2000,mother,57,4
2001,moms,21,4
2002,says,9,4
2003,time,9,4
2004,dont,8,4
2005,pregnant,8,4
2006,mom,7,4
2007,first,7,4
2008,love,7,4
2009,good,7,4
2010,years,7,4
2011,much,7,4
2012,right,6,4
2013,year,6,4
2014,many,6,4
2015,daughter,6,4
2016,covid,6,4
2017,mothers,6,4
2018,know,6,4
2019,mum,5,4
2020,old,5,4
2021,great,5,4
2022,even,5,4
2023,youre,5,4
2024,happened,5,4
2025,birth,5,4
2026,working,5,4
2027,well,5,4
2028,staying,5,4
2029,life,5,4
2030,day,5,4
2031,single,5,4
2032,vaccinated,4,4
2033,covid19,4,4
2034,used,4,4
2035,spent,4,4
2036,country,4,4
2037,ever,4,4
2038,costs,4,4
2039,help,4,4
2040,especially,4,4
2041,social,4,4
2042,workers,4,4
2043,female,4,4
2044,trump,4,4
2045,may,4,4
2046,white,4,4
2047,family,4,4
2048,woman,4,4
2049,reason,4,4
2050,death,4,4
2051,kids,4,4
2052,home,4,4
2053,new,4,4
2054,dies,3,4
2055,afghanistan,3,4
2056,already,3,4
2057,happy,3,4
2058,sunk,3,4
2059,bed,3,4
2060,wanted,3,4
2061,friends,3,4
2062,received,3,4
2063,list,3,4
2064,work,3,4
2065,anyone,3,4
2066,black,3,4
2067,towards,3,4
2068,able,3,4
2069,read,3,4
2070,reports,3,4
2071,violence,3,4
2072,act,3,4
2073,stage,3,4
2074,parenthood,3,4
2075,maybe,3,4
2076,honor,3,4
2077,visit,3,4
2078,cybertraps,3,4
2079,theyre,3,4
2080,said,3,4
2081,dad,3,4
2082,motherhood,3,4
2083,threats,3,4
2084,came,3,4
2085,blood,3,4
2086,shouldnt,3,4
2087,planned,3,4
2088,war,3,4
2089,birthday,3,4
2090,newborn,3,4
2091,growing,3,4
2092,lot,3,4
2093,treasure,3,4
2094,course,3,4
2095,americas,3,4
2096,hate,3,4
2097,tbt,2,4
2098,keep,2,4
2099,id,2,4
2100,took,2,4
2101,ongoing,2,4
2102,arent,2,4
2103,baby,2,4
2104,probably,2,4
2105,music,2,4
2106,phone,2,4
2107,prasiddhi,2,4
2108,clear,2,4
2109,nra,2,4
2110,awesome,2,4
2111,must,2,4
2112,innocent,2,4
2113,women,2,4
2114,daunte,2,4
2115,super,2,4
2116,davis,2,4
2117,indian,2,4
2118,bday,2,4
2119,parents,2,4
2120,thing,2,4
2121,orangutan,2,4
2122,calls,2,4
2123,sentence,2,4
2124,die,2,4
2125,together,2,4
2126,gospel,2,4
2127,let,2,4
2128,tanden,2,4
2129,exciting,2,4
2130,papredsfan56,2,4
2131,couldnt,2,4
2132,thats,2,4
2133,cops,2,4
2134,gold,2,4
2135,son,2,4
2136,lockdown,2,4
2137,dinner,2,4
2138,proud,2,4
2139,heroic,2,4
2140,reaction,2,4
2141,u,2,4
2142,babies,2,4
2143,fact,2,4
2144,open,2,4
2145,start,2,4
2146,house,2,4
2147,federal,2,4
2148,nurse,2,4
2149,prison,2,4
2150,seeing,2,4
2151,flotus,2,4
2152,dark,2,4
2153,member,2,4
2154,private,2,4
2155,making,2,4
2156,wasnt,2,4
2157,since,2,4
2158,floyd,2,4
2159,make,2,4
2160,🎶,2,4
2161,care,2,4
2162,letting,2,4
2163,makes,2,4
2164,wahlberg,2,4
2165,fit,2,4
2166,fully,2,4
2167,maria,2,4
2168,pass,2,4
2169,last,2,4
2170,allowing,2,4
2171,chelsea,2,4
2172,hospital,2,4
2173,died,2,4
2174,car,2,4
2175,done,2,4
2176,media,2,4
2177,melissa,2,4
2178,something,2,4
2179,nashville,2,4
2180,winning,2,4
2181,support,2,4
2182,vaccine,2,4
2183,george,2,4
2184,ones,2,4
2185,beautiful,2,4
2186,tweets,2,4
2187,heart,2,4
2188,law,2,4
2189,bill,2,4
2190,mums,2,4
2191,see,2,4
2192,education,2,4
2193,need,2,4
2194,stayed,2,4
2195,fears,2,4
2196,place,2,4
2197,became,2,4
2198,bowl,2,4
2199,big,2,4
2200,tell,2,4
2201,held,2,4
2202,return,2,4
2203,akmad,2,4
2204,acting,2,4
2205,full,2,4
2206,putting,2,4
2207,talks,2,4
2208,congratulations,2,4
2209,better,2,4
2210,parenting,2,4
2211,mark,2,4
2212,child,2,4
2213,surprises,2,4
2214,went,2,4
2215,books,2,4
2216,star,2,4
2217,whether,2,4
2218,killed,2,4
2219,protesting,2,4
2220,serving,2,4
2221,zhao,1,4
2222,look,1,4
2223,clearly,1,4
2224,remember,1,4
2225,izzy,1,4
2226,dude,1,4
2227,mysavior,1,4
2228,driven,1,4
2229,riot,1,4
2230,mac,1,4
2231,groups,1,4
2232,curfew,1,4
2233,wendy,1,4
2234,threatened,1,4
2235,sob,1,4
2236,performing,1,4
2237,till,1,4
2238,bond,1,4
2239,pete,1,4
2240,cbsmmiller,1,4
2241,momswickedtruth,1,4
2242,movie,1,4
2243,hang,1,4
2244,justice,1,4
2245,protestors,1,4
2246,motorola,1,4
2247,color,1,4
2248,answered,1,4
2249,deserve,1,4
2250,reservations,1,4
2251,studies,1,4
2252,halt,1,4
2253,experience,1,4
2254,protection,1,4
2255,frequent,1,4
2256,commonly,1,4
2257,smoothest,1,4
2258,ericandres,1,4
2259,quandaries,1,4
2260,🚀,1,4
2261,bal,1,4
2262,channeled,1,4
2263,dead,1,4
2264,galdikas,1,4
2265,pleading,1,4
2266,soft,1,4
2267,giving,1,4
2268,gender,1,4
2269,aoc,1,4
2270,decisions,1,4
2271,rest,1,4
2272,passed,1,4
2273,regime,1,4
2274,mind,1,4
2275,bessie,1,4
2276,inspire,1,4
2277,ar15,1,4
2278,use,1,4
2279,😂😩,1,4
2280,lover,1,4
2281,smoothie,1,4
2282,along,1,4
2283,swansons,1,4
2284,attention,1,4
2285,climatecrisis,1,4
2286,eucommission,1,4
2287,red,1,4
2288,ukraine,1,4
2289,candidates,1,4
2290,walking,1,4
2291,marco,1,4
2292,among,1,4
2293,fridaydue,1,4
2294,hadnt,1,4
2295,na,1,4
2296,jude,1,4
2297,jan,1,4
2298,due,1,4
2299,navigate,1,4
2300,carl,1,4
2301,capitol,1,4
2302,wife,1,4
2303,schooling,1,4
2304,cooking,1,4
2305,amid,1,4
2306,sexual,1,4
2307,climate,1,4
2308,loved,1,4
2309,benefits,1,4
2310,reasonable,1,4
2311,grow,1,4
2312,coerced,1,4
2313,nice,1,4
2314,emotional,1,4
2315,feel,1,4
2316,faced,1,4
2317,childhood,1,4
2318,restaurant,1,4
2319,driver,1,4
2320,punish,1,4
2321,job,1,4
2322,resemblance,1,4
2323,hr8,1,4
2324,retired,1,4
2325,comes,1,4
2326,wings,1,4
2327,pick,1,4
2328,😔,1,4
2329,appreciate,1,4
2330,table,1,4
2331,chauvin,1,4
2332,maya,1,4
2333,motherinlaw,1,4
2334,accommodations,1,4
2335,⁦jdforward⁩,1,4
2336,take,1,4
2337,gelatinous,1,4
2338,director,1,4
2339,cancer,1,4
2340,gordon,1,4
2341,fight,1,4
2342,carrieunderwood,1,4
2343,friendsfamily,1,4
2344,inspired,1,4
2345,terry,1,4
2346,onedarkheart1,1,4
2347,unemployment,1,4
2348,killing,1,4
2349,gop,1,4
2350,related,1,4
2351,strong,1,4
2352,65th,1,4
2353,happening,1,4
2354,gulf,1,4
2355,josh,1,4
2356,regina,1,4
2357,tv,1,4
2358,squarely,1,4
2359,identify,1,4
2360,heritage,1,4
2361,background,1,4
2362,memorabiliai,1,4
2363,today,1,4
2364,jessicalynn378,1,4
2365,lamp,1,4
2366,raised,1,4
2367,compelling,1,4
2368,rates,1,4
2369,reject,1,4
2370,afford,1,4
2371,outright,1,4
2372,jakia,1,4
2373,rare,1,4
2374,sings,1,4
2375,win,1,4
2376,johnkerry,1,4
2377,spread,1,4
2378,high,1,4
2379,ripping,1,4
2380,national,1,4
2381,height,1,4
2382,captivity,1,4
2383,motherdaughter,1,4
2384,accomplice,1,4
2385,move,1,4
2386,mn,1,4
2387,enabled,1,4
2388,host,1,4
2389,checkups,1,4
2390,businesses,1,4
2391,rent,1,4
2392,mississippi,1,4
2393,fruit,1,4
2394,rocketmanwatchparty,1,4
2395,accountable,1,4
2396,concert,1,4
2397,tomsegura,1,4
2398,oil,1,4
2399,jessica,1,4
2400,issues,1,4
2401,emmett,1,4
2402,alarming,1,4
2403,whose,1,4
2404,fortunate,1,4
2405,becoming,1,4
2406,endlessly,1,4
2407,personal,1,4
2408,crisis,1,4
2409,murder,1,4
2410,question,1,4
2411,motheroftwo,1,4
2412,brooklyn,1,4
2413,faces,1,4
2414,tinted,1,4
2415,orphanages,1,4
2416,beg,1,4
2417,slap,1,4
2418,tried,1,4
2419,charterschool,1,4
2420,sales,1,4
2421,males,1,4
2422,king,1,4
2423,citizen,1,4
2424,paid,1,4
2425,kohls,1,4
2426,currently,1,4
2427,menounos,1,4
2428,groundbreaking,1,4
2429,show,1,4
2430,overcoming,1,4
2431,keeps,1,4
2432,forces,1,4
2433,rivers,1,4
2434,hit,1,4
2435,dippy,1,4
2436,county,1,4
2437,adults,1,4
2438,k12,1,4
2439,patients,1,4
2440,times,1,4
2441,reiner,1,4
2442,21monthold,1,4
2443,bazar,1,4
2444,spreading,1,4
2445,kylerittenhouse,1,4
2446,ago,1,4
2447,cook,1,4
2448,less,1,4
2449,supporting,1,4
2450,our…,1,4
2451,recognize,1,4
2452,content,1,4
2453,antibodies,1,4
2454,paired,1,4
2455,mothersday,1,4
2456,😂😂,1,4
2457,intimidated,1,4
2458,oped,1,4
2459,diekers,1,4
2460,mommy,1,4
2461,administration,1,4
2462,india,1,4
2463,writes,1,4
2464,promiscuous,1,4
2465,crippling,1,4
2466,based,1,4
2467,teenager,1,4
2468,way,1,4
2469,milford,1,4
2470,eligible,1,4
2471,domestic,1,4
2472,checks,1,4
2473,boston,1,4
2474,shape,1,4
2475,funds,1,4
2476,florida,1,4
2477,conspiracy,1,4
2478,kuwtk,1,4
2479,❤️redtabletalk,1,4
2480,pence,1,4
2481,🌹❤️🙏🏽,1,4
2482,decorating,1,4
2483,girl,1,4
2484,conversation,1,4
2485,pleasant,1,4
2486,schoolchoice,1,4
2487,covidstricken,1,4
2488,fairness,1,4
2489,okay,1,4
2490,whistleblowers,1,4
2491,abusers,1,4
2492,chicago,1,4
2493,davisdynasty,1,4
2494,ummay,1,4
2495,motherfigure,1,4
2496,dianas,1,4
2497,ethical,1,4
2498,transfers,1,4
2499,wright,1,4
2500,mother,30,5
2501,mothers,16,5
2502,day,13,5
2503,today,11,5
2504,family,10,5
2505,moms,9,5
2506,baby,8,5
2507,pregnant,6,5
2508,happy,6,5
2509,killed,5,5
2510,house,4,5
2511,minimum,4,5
2512,heart,4,5
2513,love,4,5
2514,girls,4,5
2515,new,4,5
2516,much,4,5
2517,mom,4,5
2518,wage,4,5
2519,wont,4,5
2520,parenting,4,5
2521,born,3,5
2522,make,3,5
2523,child,3,5
2524,last,3,5
2525,pms,3,5
2526,april,3,5
2527,immediately,3,5
2528,even,3,5
2529,covid19,3,5
2530,job,3,5
2531,person,3,5
2532,congress,3,5
2533,act,3,5
2534,ahmaud,3,5
2535,know,3,5
2536,become,3,5
2537,blessed,3,5
2538,watch,3,5
2539,boy,3,5
2540,special,3,5
2541,case,3,5
2542,park,2,5
2543,passed,2,5
2544,support,2,5
2545,millions,2,5
2546,covid,2,5
2547,cross,2,5
2548,esscence,2,5
2549,uncertainties,2,5
2550,mommy,2,5
2551,probably,2,5
2552,playing,2,5
2553,attack,2,5
2554,momsdemand,2,5
2555,🖤,2,5
2556,senate,2,5
2557,republicans,2,5
2558,years,2,5
2559,auschwitz,2,5
2560,proud,2,5
2561,necklaces,2,5
2562,motherdaughter,2,5
2563,science,2,5
2564,98c,2,5
2565,pretend,2,5
2566,jewish,2,5
2567,killing,2,5
2568,stand,2,5
2569,americans,2,5
2570,poverty,2,5
2571,ever,2,5
2572,without,2,5
2573,deli,2,5
2574,justice,2,5
2575,line,2,5
2576,kid,2,5
2577,must,2,5
2578,great,2,5
2579,earlier,2,5
2580,buy,2,5
2581,months,2,5
2582,❤️,2,5
2583,everyone,2,5
2584,explore,2,5
2585,artisan,2,5
2586,meat,2,5
2587,publisher,2,5
2588,car,2,5
2589,january,2,5
2590,tonight,2,5
2591,ive,2,5
2592,murdered,2,5
2593,fun,2,5
2594,photos,2,5
2595,pandemic,2,5
2596,white,2,5
2597,bodies,2,5
2598,fight,2,5
2599,shot,2,5
2600,planned,2,5
2601,everytown,2,5
2602,may,2,5
2603,charleston,2,5
2604,missing,2,5
2605,left,2,5
2606,old,2,5
2607,amazing,2,5
2608,prominent,2,5
2609,altpubliclands,2,5
2610,life,2,5
2611,apparel,2,5
2612,video,2,5
2613,show,2,5
2614,selection,2,5
2615,holy,2,5
2616,right,2,5
2617,kellyripa,2,5
2618,mrs,2,5
2619,sending,2,5
2620,n,2,5
2621,sloth,2,5
2622,long,2,5
2623,lot,2,5
2624,faith,2,5
2625,mothersday,2,5
2626,weekend,2,5
2627,keep,2,5
2628,received,2,5
2629,parenthood,2,5
2630,freedoms,2,5
2631,son,2,5
2632,celebrate,2,5
2633,year,2,5
2634,police,2,5
2635,head,2,5
2636,accident,2,5
2637,honored,1,5
2638,easter,1,5
2639,coming,1,5
2640,wallabies,1,5
2641,fan,1,5
2642,told,1,5
2643,loves,1,5
2644,heller,1,5
2645,situational,1,5
2646,couldnt,1,5
2647,inlegis,1,5
2648,lihua,1,5
2649,beaunelarolande,1,5
2650,work,1,5
2651,birthed,1,5
2652,wkids,1,5
2653,parkland,1,5
2654,holiday,1,5
2655,leadership,1,5
2656,appreciate,1,5
2657,identity,1,5
2658,awesome,1,5
2659,seen,1,5
2660,mail,1,5
2661,stress,1,5
2662,vaccine,1,5
2663,charged,1,5
2664,attending,1,5
2665,iblccalltoaction,1,5
2666,except,1,5
2667,thinking,1,5
2668,goes,1,5
2669,katies,1,5
2670,see,1,5
2671,edward,1,5
2672,funder,1,5
2673,antics,1,5
2674,handlers,1,5
2675,4x,1,5
2676,tough,1,5
2677,frances,1,5
2678,alžběta,1,5
2679,fast,1,5
2680,big,1,5
2681,newborn,1,5
2682,heated,1,5
2683,wondering,1,5
2684,chester,1,5
2685,tamika,1,5
2686,womens,1,5
2687,worst,1,5
2688,telehealth,1,5
2689,community,1,5
2690,thursday,1,5
2691,mandate,1,5
2692,obit,1,5
2693,hands,1,5
2694,islamophobic,1,5
2695,losing,1,5
2696,level,1,5
2697,ms,1,5
2698,fact,1,5
2699,maturity,1,5
2700,daywishing,1,5
2701,rally,1,5
2702,whatsinyourglass,1,5
2703,coffee,1,5
2704,open,1,5
2705,lemonade,1,5
2706,turns,1,5
2707,punishment,1,5
2708,kurt,1,5
2709,gathered,1,5
2710,december,1,5
2711,stevekornacki,1,5
2712,dasza,1,5
2713,perspective,1,5
2714,six,1,5
2715,autonomy,1,5
2716,certainly,1,5
2717,newman,1,5
2718,wild,1,5
2719,immune,1,5
2720,mama,1,5
2721,draft,1,5
2722,unenrolled,1,5
2723,laughing,1,5
2724,gold,1,5
2725,aunts,1,5
2726,daddy,1,5
2727,clarke,1,5
2728,check,1,5
2729,decisions,1,5
2730,intimate,1,5
2731,funeral,1,5
2732,help,1,5
2733,novel,1,5
2734,soothes,1,5
2735,weeks,1,5
2736,roadtrip4bgc,1,5
2737,garden,1,5
2738,transgender,1,5
2739,disgraced,1,5
2740,kinda,1,5
2741,remind,1,5
2742,fellow,1,5
2743,georgianaacp,1,5
2744,firstever,1,5
2745,door,1,5
2746,daughter,1,5
2747,read,1,5
2748,circles,1,5
2749,coffins,1,5
2750,lemon,1,5
2751,rich,1,5
2752,sale,1,5
2753,taught,1,5
2754,misogynistic,1,5
2755,pa,1,5
2756,writing,1,5
2757,hour,1,5
2758,convo,1,5
2759,dgholidays,1,5
2760,cuffed,1,5
2761,junior,1,5
2762,franz,1,5
2763,locked,1,5
2764,beautiful,1,5
2765,address,1,5
2766,offer,1,5
2767,mr,1,5
2768,sooo,1,5
2769,florida,1,5
2770,august,1,5
2771,insisted,1,5
2772,palmer,1,5
2773,addition,1,5
2774,link,1,5
2775,lemons,1,5
2776,kamalaharris,1,5
2777,shoot,1,5
2778,freshman,1,5
2779,quarters,1,5
2780,minimumwage,1,5
2781,march,1,5
2782,anyone,1,5
2783,survive,1,5
2784,memory,1,5
2785,mylesboneal,1,5
2786,karlanthony,1,5
2787,feeling,1,5
2788,trips,1,5
2789,samsmith,1,5
2790,since,1,5
2791,headed,1,5
2792,shareefoneal,1,5
2793,doctors,1,5
2794,das,1,5
2795,fired,1,5
2796,mikelaris,1,5
2797,injured,1,5
2798,pulled,1,5
2799,wipes,1,5
2800,conversation,1,5
2801,shots,1,5
2802,aurora,1,5
2803,tiny,1,5
2804,forget,1,5
2805,ivanka,1,5
2806,crib,1,5
2807,dr,1,5
2808,ago,1,5
2809,avoid,1,5
2810,black,1,5
2811,concern,1,5
2812,asynchronously,1,5
2813,run,1,5
2814,dogs,1,5
2815,knowing,1,5
2816,allnew,1,5
2817,shows,1,5
2818,simple,1,5
2819,myprotectors,1,5
2820,mornings,1,5
2821,devstarga,1,5
2822,w5,1,5
2823,threatening,1,5
2824,renes,1,5
2825,aviv,1,5
2826,machine,1,5
2827,sandyceline,1,5
2828,garlington,1,5
2829,saved,1,5
2830,impact,1,5
2831,checks,1,5
2832,adorable,1,5
2833,volunteers,1,5
2834,cdc,1,5
2835,paul,1,5
2836,barackobama,1,5
2837,paris,1,5
2838,goodnight,1,5
2839,arberys,1,5
2840,chamber,1,5
2841,espn,1,5
2842,cuddle,1,5
2843,backs,1,5
2844,dontletthedoorhityou,1,5
2845,christal,1,5
2846,sunny,1,5
2847,book,1,5
2848,issue,1,5
2849,host,1,5
2850,antibodily,1,5
2851,cause,1,5
2852,cramps,1,5
2853,gschlacht,1,5
2854,democrat,1,5
2855,bidenharris2020,1,5
2856,seditionists—and,1,5
2857,store,1,5
2858,inform,1,5
2859,niqabs,1,5
2860,gas,1,5
2861,well,1,5
2862,miami,1,5
2863,adams,1,5
2864,trumps,1,5
2865,cinematography,1,5
2866,marie,1,5
2867,fly,1,5
2868,piece,1,5
2869,stayme7o,1,5
2870,conservative,1,5
2871,stacked,1,5
2872,slowed,1,5
2873,capitol,1,5
2874,crafted,1,5
2875,america,1,5
2876,marjorie,1,5
2877,ill,1,5
2878,attendance,1,5
2879,personal,1,5
2880,officially,1,5
2881,given,1,5
2882,technology,1,5
2883,detest,1,5
2884,vonnegut,1,5
2885,nba,1,5
2886,road,1,5
2887,martin,1,5
2888,wish,1,5
2889,ghetto,1,5
2890,voter,1,5
2891,awful,1,5
2892,dejoys,1,5
2893,wanted,1,5
2894,fire,1,5
2895,clarkes,1,5
2896,careful,1,5
2897,candidly,1,5
2898,clothes,1,5
2899,premiering,1,5
2900,little,1,5
2901,safe,1,5
2902,addarioash,1,5
2903,call,1,5
2904,patriarchal,1,5
2905,powell,1,5
2906,demand,1,5
2907,jv,1,5
2908,put,1,5
2909,12year,1,5
2910,sears,1,5
2911,palestine,1,5
2912,besmart,1,5
2913,representing,1,5
2914,members,1,5
2915,smiling,1,5
2916,kings,1,5
2917,yoseph,1,5
2918,previously,1,5
2919,outbreak,1,5
2920,abc,1,5
2921,mcenemy,1,5
2922,year​,1,5
2923,kompromat,1,5
2924,abc2020,1,5
2925,covering,1,5
2926,pain,1,5
2927,guard,1,5
2928,hijabs,1,5
2929,supporting,1,5
2930,mailed,1,5
2931,basic,1,5
2932,god,1,5
2933,theresienstadt,1,5
2934,irunwithmaud,1,5
2935,corner,1,5
2936,taken,1,5
2937,figures,1,5
2938,evidence,1,5
2939,rather,1,5
2940,democratic,1,5
2941,shouldnt,1,5
2942,introducing,1,5
2943,british,1,5
2944,authentic,1,5
2945,planted,1,5
2946,bebest,1,5
2947,dead,1,5
2948,muslim,1,5
2949,terrence,1,5
2950,gop,1,5
2951,unloaded,1,5
2952,county,1,5
2953,controlling,1,5
2954,inblackcaucus,1,5
2955,beschlossdc,1,5
2956,ken,1,5
2957,argentinian,1,5
2958,nationalsonsday,1,5
2959,spending,1,5
2960,mcgee,1,5
2961,surprise,1,5
2962,susan,1,5
2963,disney,1,5
2964,worse,1,5
2965,towns,1,5
2966,kim,1,5
2967,actual,1,5
2968,refuses,1,5
2969,lunch,1,5
2970,arrest,1,5
2971,lynsey,1,5
2972,deported,1,5
2973,hot,1,5
2974,📸,1,5
2975,yr,1,5
2976,drops,1,5
2977,hcombs,1,5
2978,theft,1,5
2979,monsters,1,5
2980,leading,1,5
2981,ahmaudarbery,1,5
2982,publishing,1,5
2983,evita,1,5
2984,motherofpearl,1,5
2985,shaqironeall,1,5
2986,effective,1,5
2987,toy,1,5
2988,christmas,1,5
2989,covered,1,5
2990,invited,1,5
2991,federation,1,5
2992,ame,1,5
2993,tells,1,5
2994,talks,1,5
2995,mlk,1,5
2996,believed—when,1,5
2997,zoo,1,5
2998,caters,1,5
2999,data,1,5
3000,mother,37,6
3001,motherhood,16,6
3002,moms,13,6
3003,new,9,6
3004,life,9,6
3005,pregnant,9,6
3006,parenting,8,6
3007,dont,7,6
3008,covid,7,6
3009,home,6,6
3010,see,5,6
3011,back,5,6
3012,old,5,6
3013,share,5,6
3014,woman,5,6
3015,love,4,6
3016,making,4,6
3017,together,4,6
3018,mom,4,6
3019,parents,4,6
3020,look,4,6
3021,died,4,6
3022,video,4,6
3023,help,4,6
3024,vanessa,4,6
3025,kids,4,6
3026,happy,4,6
3027,community,4,6
3028,dads,4,6
3029,child,4,6
3030,says,3,6
3031,vaccinated,3,6
3032,twins,3,6
3033,honor,3,6
3034,covid19,3,6
3035,story,3,6
3036,expecting,3,6
3037,day,3,6
3038,years,3,6
3039,second,3,6
3040,american,3,6
3041,dear,3,6
3042,act,3,6
3043,birthday,3,6
3044,mothersday,3,6
3045,baby,3,6
3046,many,3,6
3047,win,3,6
3048,black,3,6
3049,keep,3,6
3050,care,3,6
3051,women,3,6
3052,much,3,6
3053,done,3,6
3054,children,3,6
3055,military,3,6
3056,member,3,6
3057,world,3,6
3058,career,3,6
3059,building,3,6
3060,daughter,3,6
3061,proud,3,6
3062,mothers,3,6
3063,damage,3,6
3064,wife,3,6
3065,guess,2,6
3066,happen,2,6
3067,lives,2,6
3068,said,2,6
3069,provide,2,6
3070,book,2,6
3071,wear,2,6
3072,raising,2,6
3073,enjoy,2,6
3074,‘,2,6
3075,rebecca,2,6
3076,journey,2,6
3077,related,2,6
3078,read,2,6
3079,bridges,2,6
3080,mask,2,6
3081,biracial,2,6
3082,born,2,6
3083,hilarious,2,6
3084,living,2,6
3085,nurses,2,6
3086,passed,2,6
3087,agencies,2,6
3088,show,2,6
3089,became,2,6
3090,personal,2,6
3091,path,2,6
3092,project,2,6
3093,simply,2,6
3094,stay,2,6
3095,difficult,2,6
3096,anyone,2,6
3097,birth,2,6
3098,january,2,6
3099,senate,2,6
3100,believed,2,6
3101,gun,2,6
3102,country,2,6
3103,stopped,2,6
3104,contacts,2,6
3105,sen,2,6
3106,season,2,6
3107,thing,2,6
3108,released,2,6
3109,flooring,2,6
3110,employees,2,6
3111,episode,2,6
3112,killed,2,6
3113,facebook,2,6
3114,discuss,2,6
3115,wait,2,6
3116,science,2,6
3117,body,2,6
3118,founder,2,6
3119,uniform,2,6
3120,families,2,6
3121,great,2,6
3122,f1,2,6
3123,big,2,6
3124,brother,2,6
3125,within,2,6
3126,leader,2,6
3127,richard,2,6
3128,groups,2,6
3129,office,2,6
3130,pandemic,2,6
3131,uswnt,2,6
3132,attend,2,6
3133,❌funding,2,6
3134,tonight,2,6
3135,realdonaldtrump,2,6
3136,weve,2,6
3137,showing,2,6
3138,rhino,2,6
3139,family,2,6
3140,gods,2,6
3141,amazing,2,6
3142,gave,2,6
3143,across,2,6
3144,siham,2,6
3145,head,2,6
3146,administration,2,6
3147,rural,2,6
3148,away,2,6
3149,3rd,2,6
3150,mommy,2,6
3151,first,2,6
3152,teen,2,6
3153,father,2,6
3154,low,2,6
3155,learning,2,6
3156,action,2,6
3157,quarantine,2,6
3158,department,2,6
3159,quotes,2,6
3160,rounded,2,6
3161,report,2,6
3162,run,2,6
3163,parenthood,2,6
3164,bullet,2,6
3165,stormtroopers,2,6
3166,working,2,6
3167,place,2,6
3168,fam,2,6
3169,finale,2,6
3170,team,2,6
3171,prince,2,6
3172,shot,2,6
3173,generation,2,6
3174,enough,2,6
3175,newest,2,6
3176,stuck,2,6
3177,legacy,2,6
3178,need,2,6
3179,turned,2,6
3180,actor,2,6
3181,powerhouse,2,6
3182,gets,2,6
3183,federal,2,6
3184,school,2,6
3185,thank,2,6
3186,available,2,6
3187,daughters,2,6
3188,law,2,6
3189,revealing,2,6
3190,fan,2,6
3191,knew,2,6
3192,protesting,2,6
3193,demand,2,6
3194,defender,2,6
3195,doctor,2,6
3196,stories,2,6
3197,race,2,6
3198,things,2,6
3199,kenan,2,6
3200,watch,2,6
3201,allnew,1,6
3202,motherson,1,6
3203,grandparents,1,6
3204,perpetuated,1,6
3205,infant,1,6
3206,clearly,1,6
3207,walks,1,6
3208,filled,1,6
3209,ready,1,6
3210,reflected,1,6
3211,hivemother,1,6
3212,🏥,1,6
3213,george,1,6
3214,panel,1,6
3215,depicting,1,6
3216,naked,1,6
3217,youll,1,6
3218,rivals,1,6
3219,mrswrightin5th,1,6
3220,opened,1,6
3221,kenya,1,6
3222,appreciate,1,6
3223,trumpwarroom,1,6
3224,debbie,1,6
3225,moment,1,6
3226,fuel,1,6
3227,sudden,1,6
3228,devoted,1,6
3229,whose,1,6
3230,tracing,1,6
3231,reform,1,6
3232,dudedad,1,6
3233,sadierob,1,6
3234,hmmm,1,6
3235,hear,1,6
3236,parentingsupport,1,6
3237,elected,1,6
3238,local,1,6
3239,countless,1,6
3240,thinks,1,6
3241,timeline,1,6
3242,justice,1,6
3243,breastfeeding,1,6
3244,honoring,1,6
3245,smoking,1,6
3246,nearing,1,6
3247,outbreak—vietnam,1,6
3248,expectant,1,6
3249,mental,1,6
3250,discussion,1,6
3251,review,1,6
3252,maryland,1,6
3253,garners,1,6
3254,dribram,1,6
3255,alleged,1,6
3256,pres,1,6
3257,graceful,1,6
3258,rachel,1,6
3259,trials,1,6
3260,data,1,6
3261,begging,1,6
3262,points,1,6
3263,hoped,1,6
3264,kirby,1,6
3265,lessons,1,6
3266,❌ppp,1,6
3267,powell,1,6
3268,aged,1,6
3269,debut,1,6
3270,rifle,1,6
3271,capitol,1,6
3272,dig,1,6
3273,schools,1,6
3274,small,1,6
3275,deal,1,6
3276,came,1,6
3277,inauguration,1,6
3278,va,1,6
3279,that70sshow,1,6
3280,issued,1,6
3281,base,1,6
3282,impeachment,1,6
3283,kill,1,6
3284,shoot,1,6
3285,deployed,1,6
3286,elegant,1,6
3287,genxersmillennials,1,6
3288,vaccine,1,6
3289,left,1,6
3290,resource,1,6
3291,calling,1,6
3292,beneficial,1,6
3293,mean,1,6
3294,sent,1,6
3295,walmart,1,6
3296,cooper,1,6
3297,–,1,6
3298,quashed,1,6
3299,lung,1,6
3300,god,1,6
3301,hardship,1,6
3302,protection,1,6
3303,thebrownprintpodcast,1,6
3304,grandmothers,1,6
3305,brutally,1,6
3306,feelings,1,6
3307,orders,1,6
3308,anniversary,1,6
3309,bullhorn,1,6
3310,evidence,1,6
3311,suspicion,1,6
3312,negative,1,6
3313,committed,1,6
3314,suspected,1,6
3315,policy,1,6
3316,decades,1,6
3317,nolimitsonlove,1,6
3318,reader,1,6
3319,advised,1,6
3320,gracious,1,6
3321,chat,1,6
3322,shivering,1,6
3323,strong,1,6
3324,98th,1,6
3325,teamtrump,1,6
3326,🙏🏼♥️,1,6
3327,friend,1,6
3328,roker,1,6
3329,samrochadotcom,1,6
3330,airports,1,6
3331,signed,1,6
3332,soccer,1,6
3333,msnbc,1,6
3334,amanda,1,6
3335,bills,1,6
3336,fbis,1,6
3337,know,1,6
3338,lies,1,6
3339,onscreen,1,6
3340,drinking,1,6
3341,suffered,1,6
3342,planned,1,6
3343,regarded,1,6
3344,carroll,1,6
3345,feats,1,6
3346,camera,1,6
3347,dead,1,6
3348,time,1,6
3349,husband,1,6
3350,doubt,1,6
3351,sponsored,1,6
3352,thriller,1,6
3353,expect,1,6
3354,wrote,1,6
3355,berry,1,6
3356,degree,1,6
3357,trace,1,6
3358,finally,1,6
3359,climate,1,6
3360,disabled,1,6
3361,take,1,6
3362,parentinginapandemic,1,6
3363,french,1,6
3364,september,1,6
3365,organizing,1,6
3366,hurting,1,6
3367,fund,1,6
3368,alright,1,6
3369,goodness,1,6
3370,keishabottoms,1,6
3371,outbreak,1,6
3372,hair,1,6
3373,democrat,1,6
3374,silberman,1,6
3375,brand,1,6
3376,windows,1,6
3377,success,1,6
3378,targeting,1,6
3379,today,1,6
3380,georgia,1,6
3381,sick,1,6
3382,harrowing,1,6
3383,rates,1,6
3384,fatal,1,6
3385,emotions,1,6
3386,tell,1,6
3387,hospitals,1,6
3388,rare,1,6
3389,chart,1,6
3390,total,1,6
3391,historic,1,6
3392,high,1,6
3393,threat,1,6
3394,scream,1,6
3395,theyve,1,6
3396,thejusticedept,1,6
3397,clothes,1,6
3398,request,1,6
3399,literary,1,6
3400,return,1,6
3401,andraca,1,6
3402,seen,1,6
3403,responsibility,1,6
3404,traveled,1,6
3405,😉😘,1,6
3406,wins,1,6
3407,class,1,6
3408,situation,1,6
3409,abide,1,6
3410,warns,1,6
3411,tyron,1,6
3412,ever,1,6
3413,bc,1,6
3414,million,1,6
3415,actually,1,6
3416,husbands,1,6
3417,blazed,1,6
3418,interview,1,6
3419,permanent,1,6
3420,crises,1,6
3421,chapinsancho,1,6
3422,dealt,1,6
3423,qualified,1,6
3424,soulful,1,6
3425,viagra,1,6
3426,mlks,1,6
3427,narrative,1,6
3428,ingredient,1,6
3429,given,1,6
3430,murder,1,6
3431,firecrackerfoundation,1,6
3432,markle,1,6
3433,finances,1,6
3434,individual,1,6
3435,times,1,6
3436,complications,1,6
3437,egyptian,1,6
3438,disturbing,1,6
3439,followtheblonde,1,6
3440,joy,1,6
3441,inadequate,1,6
3442,adorable,1,6
3443,socalled,1,6
3444,🛌,1,6
3445,ttp,1,6
3446,morris,1,6
3447,favor,1,6
3448,funeral,1,6
3449,vaers,1,6
3450,ufc,1,6
3451,conversation,1,6
3452,wonderful,1,6
3453,heartache,1,6
3454,timehonored,1,6
3455,jodeh,1,6
3456,calm,1,6
3457,ago,1,6
3458,put,1,6
3459,talk,1,6
3460,began,1,6
3461,craziest,1,6
3462,antiracist,1,6
3463,influenced,1,6
3464,foxnews,1,6
3465,currently,1,6
3466,vowed,1,6
3467,stage,1,6
3468,chats,1,6
3469,wave,1,6
3470,content,1,6
3471,forced,1,6
3472,commerce,1,6
3473,latiquadortch,1,6
3474,figure,1,6
3475,debforwi,1,6
3476,carichampion,1,6
3477,kamala,1,6
3478,insurrectionists,1,6
3479,striking,1,6
3480,gatwiri,1,6
3481,pfizer,1,6
3482,way,1,6
3483,weekend,1,6
3484,reading,1,6
3485,last,1,6
3486,less,1,6
3487,yorkipudd,1,6
3488,hes,1,6
3489,fled,1,6
3490,governor,1,6
3491,enslaved,1,6
3492,learn,1,6
3493,scott,1,6
3494,gratitude,1,6
3495,steve,1,6
3496,europe,1,6
3497,hospital,1,6
3498,claims,1,6
3499,blame,1,6
3500,mother,56,7
3501,day,33,7
3502,mothers,30,7
3503,moms,25,7
3504,happy,20,7
3505,mom,16,7
3506,love,14,7
3507,today,14,7
3508,give,13,7
3509,thank,12,7
3510,life,11,7
3511,women,10,7
3512,‘,10,7
3513,family,10,7
3514,story,9,7
3515,world,9,7
3516,pregnant,9,7
3517,new,7,7
3518,even,7,7
3519,son,7,7
3520,know,7,7
3521,support,7,7
3522,way,7,7
3523,many,7,7
3524,newborn,6,7
3525,hope,6,7
3526,mothersday,6,7
3527,years,5,7
3528,woman,5,7
3529,celebrate,5,7
3530,beautiful,5,7
3531,pandemic,5,7
3532,back,5,7
3533,died,5,7
3534,shot,5,7
3535,work,5,7
3536,birthday,5,7
3537,house,5,7
3538,daughter,5,7
3539,says,5,7
3540,first,5,7
3541,may,4,7
3542,said,4,7
3543,together,4,7
3544,via,4,7
3545,home,4,7
3546,win,4,7
3547,flu,4,7
3548,happymothersday,4,7
3549,man,4,7
3550,breastfeeding,4,7
3551,motherhood,4,7
3552,light,4,7
3553,care,4,7
3554,theres,4,7
3555,gender,4,7
3556,killed,3,7
3557,things,3,7
3558,makes,3,7
3559,michelleobama,3,7
3560,stay,3,7
3561,police,3,7
3562,honor,3,7
3563,dear,3,7
3564,much,3,7
3565,pay,3,7
3566,absolute,3,7
3567,extra,3,7
3568,something,3,7
3569,covid19,3,7
3570,tribute,3,7
3571,st,3,7
3572,custody,3,7
3573,domestic,3,7
3574,action,3,7
3575,biden,3,7
3576,time,3,7
3577,❤️,3,7
3578,chance,3,7
3579,amazing,3,7
3580,hug,3,7
3581,crime,3,7
3582,single,3,7
3583,share,3,7
3584,lost,3,7
3585,almost,3,7
3586,name,3,7
3587,everywhere,3,7
3588,late,3,7
3589,risk,3,7
3590,children,3,7
3591,mum,3,7
3592,possible,3,7
3593,marie,3,7
3594,needs,3,7
3595,headed,3,7
3596,given,2,7
3597,friends,2,7
3598,charged,2,7
3599,told,2,7
3600,baby,2,7
3601,fatally,2,7
3602,called,2,7
3603,kid,2,7
3604,ever,2,7
3605,conversations,2,7
3606,left,2,7
3607,nyu,2,7
3608,san,2,7
3609,exact,2,7
3610,newman,2,7
3611,jackson,2,7
3612,beginning,2,7
3613,proud,2,7
3614,homeschooling,2,7
3615,development,2,7
3616,inequalities,2,7
3617,employers,2,7
3618,guide,2,7
3619,track,2,7
3620,treat,2,7
3621,womenshistorymonth,2,7
3622,losing,2,7
3623,freshman,2,7
3624,streaming,2,7
3625,mccoy,2,7
3626,colten,2,7
3627,id,2,7
3628,careers,2,7
3629,leadership,2,7
3630,motherinlaw,2,7
3631,must,2,7
3632,great,2,7
3633,deserve,2,7
3634,daughters,2,7
3635,dads,2,7
3636,episode,2,7
3637,update,2,7
3638,whats,2,7
3639,better,2,7
3640,trying,2,7
3641,caring,2,7
3642,duo,2,7
3643,gap,2,7
3644,april,2,7
3645,conduct,2,7
3646,god,2,7
3647,forget,2,7
3648,illinois,2,7
3649,jude,2,7
3650,friend,2,7
3651,create,2,7
3652,shattered,2,7
3653,young,2,7
3654,enough,2,7
3655,future,2,7
3656,roommate,2,7
3657,jewelry,2,7
3658,health,2,7
3659,stone,2,7
3660,behind,2,7
3661,joining,2,7
3662,black,2,7
3663,help,2,7
3664,person,2,7
3665,working,2,7
3666,community,2,7
3667,movement,2,7
3668,worked,2,7
3669,🏠,2,7
3670,money,2,7
3671,mwanaidi,2,7
3672,hard,2,7
3673,✨,2,7
3674,tells,2,7
3675,steyn,2,7
3676,word,2,7
3677,gifts,2,7
3678,pays,2,7
3679,standing,2,7
3680,committed,2,7
3681,fatherhood,2,7
3682,texas,2,7
3683,professional,2,7
3684,ill,2,7
3685,result,2,7
3686,gift,2,7
3687,wonderful,2,7
3688,ago,2,7
3689,demand,2,7
3690,strength,2,7
3691,learn,2,7
3692,mommy,2,7
3693,lose,2,7
3694,old,2,7
3695,seat,2,7
3696,volunteer,2,7
3697,roles,2,7
3698,wisdom,2,7
3699,courageous,2,7
3700,taken,2,7
3701,watching,2,7
3702,death,2,7
3703,stream,2,7
3704,see,2,7
3705,havent,2,7
3706,atlanta,2,7
3707,heart,2,7
3708,shared,2,7
3709,boyfriend,2,7
3710,–,2,7
3711,photo,2,7
3712,last,2,7
3713,live,2,7
3714,nothing,2,7
3715,pieces,2,7
3716,victim,2,7
3717,worth,2,7
3718,especially,2,7
3719,affect,2,7
3720,immigrant,2,7
3721,wants,2,7
3722,compassionate,2,7
3723,personal,2,7
3724,taught,2,7
3725,capitol,2,7
3726,asked,2,7
3727,arrest,2,7
3728,violence,2,7
3729,dont,2,7
3730,horrified,1,7
3731,fightflu,1,7
3732,according,1,7
3733,gold,1,7
3734,hes,1,7
3735,buy,1,7
3736,platforms,1,7
3737,sorry,1,7
3738,meet,1,7
3739,ashman,1,7
3740,majority,1,7
3741,proceeds,1,7
3742,lethal,1,7
3743,right,1,7
3744,job,1,7
3745,michael,1,7
3746,understanding,1,7
3747,bernice,1,7
3748,struggles,1,7
3749,filed,1,7
3750,ask,1,7
3751,40yearold,1,7
3752,farm,1,7
3753,husband,1,7
3754,playbook,1,7
3755,millies,1,7
3756,endhumantrafficking,1,7
3757,w,1,7
3758,theroux,1,7
3759,motherinlawrip,1,7
3760,became,1,7
3761,childtrafficking,1,7
3762,fired,1,7
3763,experiences,1,7
3764,twitter,1,7
3765,matter,1,7
3766,card,1,7
3767,host,1,7
3768,emmett,1,7
3769,prize,1,7
3770,peaceful,1,7
3771,mams,1,7
3772,later,1,7
3773,undeniable,1,7
3774,nod,1,7
3775,stopasianhate,1,7
3776,committing,1,7
3777,infants,1,7
3778,childrens,1,7
3779,head,1,7
3780,wed,1,7
3781,ia,1,7
3782,penalty,1,7
3783,explore,1,7
3784,ees,1,7
3785,rock,1,7
3786,mattered,1,7
3787,shine,1,7
3788,igotitfrommymama,1,7
3789,syria,1,7
3790,act,1,7
3791,outside,1,7
3792,wow,1,7
3793,elected,1,7
3794,cup,1,7
3795,lived,1,7
3796,el,1,7
3797,look,1,7
3798,find,1,7
3799,less,1,7
3800,jonaswatchparty,1,7
3801,bosworth,1,7
3802,deadline,1,7
3803,emotion,1,7
3804,childcare,1,7
3805,lance,1,7
3806,alright,1,7
3807,space,1,7
3808,spelling,1,7
3809,cliché,1,7
3810,nieces,1,7
3811,fearless,1,7
3812,dukes,1,7
3813,body,1,7
3814,prochoice,1,7
3815,nations,1,7
3816,fuck,1,7
3817,going,1,7
3818,normornstein,1,7
3819,honoring,1,7
3820,mequitta,1,7
3821,views,1,7
3822,spokesmom,1,7
3823,killing,1,7
3824,station,1,7
3825,sunshinekids,1,7
3826,baptiste,1,7
3827,access,1,7
3828,heartsofgoldnyc,1,7
3829,realdeancain,1,7
3830,decided,1,7
3831,overcome,1,7
3832,loan,1,7
3833,chard,1,7
3834,gerren,1,7
3835,daudig,1,7
3836,incredible,1,7
3837,walking,1,7
3838,nashville,1,7
3839,pinckney,1,7
3840,rightwing,1,7
3841,hadnt,1,7
3842,stared,1,7
3843,lessons,1,7
3844,getty,1,7
3845,thanks,1,7
3846,queenyanna,1,7
3847,swarovski,1,7
3848,soulshattering,1,7
3849,used,1,7
3850,slack2thefuture,1,7
3851,hamster,1,7
3852,fortnite,1,7
3853,myra,1,7
3854,elegant,1,7
3855,vaccine,1,7
3856,resource,1,7
3857,normal,1,7
3858,kids,1,7
3859,1m,1,7
3860,hed,1,7
3861,mean,1,7
3862,verdict,1,7
3863,companion,1,7
3864,spoke,1,7
3865,🏆,1,7
3866,voters,1,7
3867,solo,1,7
3868,annual,1,7
3869,former,1,7
3870,began,1,7
3871,diagnosis,1,7
3872,return,1,7
3873,goodsons,1,7
3874,angel,1,7
3875,fearsome,1,7
3876,wrapped,1,7
3877,keough,1,7
3878,hopefully,1,7
3879,wife,1,7
3880,schooling,1,7
3881,fight,1,7
3882,girl,1,7
3883,chambers,1,7
3884,cohosts,1,7
3885,—robert,1,7
3886,amid,1,7
3887,mitch,1,7
3888,take,1,7
3889,talindab,1,7
3890,vs,1,7
3891,momsrule,1,7
3892,flurelated,1,7
3893,sandoval,1,7
3894,total,1,7
3895,felt,1,7
3896,answer,1,7
3897,hear,1,7
3898,eet,1,7
3899,listening,1,7
3900,benefits,1,7
3901,babymama,1,7
3902,ventilator,1,7
3903,complications,1,7
3904,predators,1,7
3905,thatonequeen,1,7
3906,district,1,7
3907,aleppo,1,7
3908,youngest,1,7
3909,thompson,1,7
3910,whos,1,7
3911,protection,1,7
3912,safe,1,7
3913,lawenforcement,1,7
3914,tishaura,1,7
3915,away,1,7
3916,emerges,1,7
3917,davis,1,7
3918,sisters,1,7
3919,humane,1,7
3920,practices,1,7
3921,stepsister,1,7
3922,celebrated,1,7
3923,fetal,1,7
3924,littlejacob,1,7
3925,fran,1,7
3926,sons,1,7
3927,camera,1,7
3928,dead,1,7
3929,gunshot,1,7
3930,account,1,7
3931,joy,1,7
3932,affordable,1,7
3933,solutions,1,7
3934,sartell,1,7
3935,partners,1,7
3936,tweeted,1,7
3937,oscars2021,1,7
3938,gemini,1,7
3939,rates,1,7
3940,forgetting,1,7
3941,reveals,1,7
3942,11yr,1,7
3943,rise,1,7
3944,2nd,1,7
3945,tactics,1,7
3946,values,1,7
3947,fightfor15,1,7
3948,need,1,7
3949,thepitstop,1,7
3950,drive,1,7
3951,inside,1,7
3952,dolabunny,1,7
3953,already,1,7
3954,ways,1,7
3955,place,1,7
3956,mayalangersegal,1,7
3957,lightcause,1,7
3958,wage,1,7
3959,distant,1,7
3960,mums,1,7
3961,jimlauderdale,1,7
3962,months,1,7
3963,sanders,1,7
3964,owned,1,7
3965,jeopardy,1,7
3966,kara,1,7
3967,politics,1,7
3968,data,1,7
3969,playlist,1,7
3970,momowned,1,7
3971,unconscionable,1,7
3972,minimum,1,7
3973,foes,1,7
3974,equitable,1,7
3975,spin,1,7
3976,build,1,7
3977,katiephang,1,7
3978,montgomery,1,7
3979,business,1,7
3980,measure,1,7
3981,loved,1,7
3982,filmmaker,1,7
3983,diversity,1,7
3984,slack,1,7
3985,ahuja,1,7
3986,£750000,1,7
3987,delivery,1,7
3988,forever,1,7
3989,british,1,7
3990,form,1,7
3991,coat,1,7
3992,ms,1,7
3993,country,1,7
3994,devastated,1,7
3995,someone,1,7
3996,c,1,7
3997,acrimony,1,7
3998,spoof,1,7
3999,refusing,1,7
4000,mother,48,8
4001,moms,29,8
4002,mothers,23,8
4003,mom,20,8
4004,pregnant,18,8
4005,women,17,8
4006,day,14,8
4007,new,11,8
4008,know,9,8
4009,mothersday,9,8
4010,happy,8,8
4011,life,8,8
4012,parenting,8,8
4013,today,8,8
4014,see,8,8
4015,talk,8,8
4016,gun,8,8
4017,family,7,8
4018,action,6,8
4019,motherhood,6,8
4020,dont,6,8
4021,violence,6,8
4022,many,6,8
4023,time,6,8
4024,help,5,8
4025,world,5,8
4026,country,5,8
4027,watch,5,8
4028,ban,5,8
4029,trying,5,8
4030,become,5,8
4031,weeks,5,8
4032,health,5,8
4033,call,5,8
4034,abortion,5,8
4035,done,5,8
4036,years,5,8
4037,serve,4,8
4038,across,4,8
4039,wife,4,8
4040,didnt,4,8
4041,make,4,8
4042,message,4,8
4043,right,4,8
4044,home,4,8
4045,working,4,8
4046,first,4,8
4047,work,4,8
4048,last,4,8
4049,must,4,8
4050,mum,4,8
4051,babies,4,8
4052,demand,4,8
4053,seen,4,8
4054,local,4,8
4055,whose,4,8
4056,since,4,8
4057,fierce,4,8
4058,honored,3,8
4059,read,3,8
4060,woke,3,8
4061,things,3,8
4062,close,3,8
4063,missing,3,8
4064,words,3,8
4065,mine,3,8
4066,man,3,8
4067,❤️,3,8
4068,list,3,8
4069,way,3,8
4070,lets,3,8
4071,together,3,8
4072,video,3,8
4073,military,3,8
4074,voice,3,8
4075,give,3,8
4076,protected,3,8
4077,support,3,8
4078,public,3,8
4079,wonderful,3,8
4080,knows,3,8
4081,better,3,8
4082,story,3,8
4083,well,3,8
4084,rich,3,8
4085,says,3,8
4086,‘,3,8
4087,find,3,8
4088,armed,3,8
4089,senior,3,8
4090,full,3,8
4091,took,3,8
4092,children,3,8
4093,gifts,3,8
4094,learn,3,8
4095,tucker,3,8
4096,seeing,3,8
4097,black,3,8
4098,america,3,8
4099,said,3,8
4100,memoir,3,8
4101,serving,3,8
4102,incredible,3,8
4103,honor,3,8
4104,killed,3,8
4105,show,3,8
4106,president,3,8
4107,wait,3,8
4108,already,3,8
4109,share,3,8
4110,six,3,8
4111,trumps,3,8
4112,infant,3,8
4113,may,3,8
4114,left,3,8
4115,old,3,8
4116,still,3,8
4117,access,3,8
4118,west,3,8
4119,instead,3,8
4120,planned,2,8
4121,challenging,2,8
4122,woman,2,8
4123,heard,2,8
4124,internet,2,8
4125,planet,2,8
4126,school,2,8
4127,everyone,2,8
4128,improve,2,8
4129,lives,2,8
4130,celebrating,2,8
4131,debora,2,8
4132,lawmakers,2,8
4133,taylors,2,8
4134,videos,2,8
4135,clean,2,8
4136,household,2,8
4137,fear,2,8
4138,special,2,8
4139,barrett,2,8
4140,daughters,2,8
4141,tuckercarlson,2,8
4142,6week,2,8
4143,outcomes,2,8
4144,part,2,8
4145,changed,2,8
4146,colorado,2,8
4147,grateful,2,8
4148,thats,2,8
4149,ago,2,8
4150,south,2,8
4151,georgia,2,8
4152,alive,2,8
4153,nashua,2,8
4154,neighbors,2,8
4155,found,2,8
4156,families,2,8
4157,job,2,8
4158,fox,2,8
4159,quality,2,8
4160,great,2,8
4161,covid19,2,8
4162,several,2,8
4163,wbarbarastarrcnn,2,8
4164,mix,2,8
4165,congratulations,2,8
4166,sure,2,8
4167,housing,2,8
4168,shooting,2,8
4169,jail,2,8
4170,calls,2,8
4171,blm,2,8
4172,risk,2,8
4173,covid,2,8
4174,politicians,2,8
4175,honoring,2,8
4176,soul,2,8
4177,tray,2,8
4178,maternal,2,8
4179,forcefully,2,8
4180,blood,2,8
4181,nancy,2,8
4182,mocked,2,8
4183,save,2,8
4184,plan,2,8
4185,trial,2,8
4186,u,2,8
4187,joining,2,8
4188,sense,2,8
4189,earth,2,8
4190,abandoned,2,8
4191,men,2,8
4192,twitter,2,8
4193,dad,2,8
4194,carolina,2,8
4195,shannonrwatts,2,8
4196,posted,2,8
4197,movement,2,8
4198,friendship,2,8
4199,pueblo,2,8
4200,secretary,2,8
4201,fatherhood,2,8
4202,ill,2,8
4203,thing,2,8
4204,asking,2,8
4205,books,2,8
4206,founder,2,8
4207,ready,2,8
4208,discuss,2,8
4209,son,2,8
4210,loved,2,8
4211,extraordinary,2,8
4212,create,2,8
4213,monday,2,8
4214,region,2,8
4215,promoting,2,8
4216,especially,2,8
4217,royalty,2,8
4218,much,2,8
4219,reelected,2,8
4220,started,2,8
4221,friends,2,8
4222,heres,2,8
4223,hard,2,8
4224,journey,2,8
4225,young,2,8
4226,delonte,2,8
4227,interior,2,8
4228,forces,2,8
4229,carlson,2,8
4230,community,2,8
4231,rose,2,8
4232,year,2,8
4233,hq,2,8
4234,sweet,2,8
4235,birthday,2,8
4236,safety,2,8
4237,including,2,8
4238,deserve,2,8
4239,conversation,2,8
4240,describe,2,8
4241,cuban,2,8
4242,rate,2,8
4243,stayathome,2,8
4244,claudine,2,8
4245,wrote,2,8
4246,tips,2,8
4247,begin,2,8
4248,shot,2,8
4249,joined,2,8
4250,called,2,8
4251,road,2,8
4252,wanting,2,8
4253,greed,2,8
4254,personalized,2,8
4255,stopped,2,8
4256,activists,2,8
4257,jean,2,8
4258,cabinet,2,8
4259,husband,2,8
4260,care,2,8
4261,st,2,8
4262,prevention,2,8
4263,calling,2,8
4264,head,2,8
4265,fight,2,8
4266,mean,2,8
4267,hour,2,8
4268,members,2,8
4269,bookcameo,2,8
4270,face,2,8
4271,study,2,8
4272,played,2,8
4273,governor,2,8
4274,land,2,8
4275,mommy,2,8
4276,house,2,8
4277,heal,2,8
4278,perfect,2,8
4279,actual,2,8
4280,parenthood,2,8
4281,virginia,2,8
4282,jude,2,8
4283,praises,2,8
4284,due,2,8
4285,breonna,2,8
4286,away,2,8
4287,program,2,8
4288,former,2,8
4289,department,2,8
4290,law,2,8
4291,ahmaudarbery,2,8
4292,stop,2,8
4293,amazing,2,8
4294,bills,2,8
4295,growing,2,8
4296,everyday,1,8
4297,feelings,1,8
4298,jersey,1,8
4299,teacher,1,8
4300,white,1,8
4301,opioidrelated,1,8
4302,facilities,1,8
4303,marylands,1,8
4304,pass,1,8
4305,hospital,1,8
4306,friday,1,8
4307,ur,1,8
4308,billions,1,8
4309,eula,1,8
4310,america—stand,1,8
4311,hurting,1,8
4312,pence,1,8
4313,ties,1,8
4314,3128–29,1,8
4315,coronavirus,1,8
4316,nh,1,8
4317,trip,1,8
4318,director,1,8
4319,conviction,1,8
4320,longer,1,8
4321,convicted,1,8
4322,coles,1,8
4323,acting,1,8
4324,something,1,8
4325,cooking,1,8
4326,peach,1,8
4327,survivor,1,8
4328,leaving,1,8
4329,janefonda,1,8
4330,threats,1,8
4331,résumés,1,8
4332,tinasmithmn,1,8
4333,area,1,8
4334,giving,1,8
4335,faith,1,8
4336,jesus,1,8
4337,recognized,1,8
4338,millionmommarch,1,8
4339,legacy,1,8
4340,dead,1,8
4341,emilys,1,8
4342,unable,1,8
4343,davidchang,1,8
4344,7🔥,1,8
4345,democratic,1,8
4346,mostly,1,8
4347,recommit,1,8
4348,senator,1,8
4349,causes,1,8
4350,blame,1,8
4351,greek,1,8
4352,lockdownlife,1,8
4353,person,1,8
4354,language,1,8
4355,taylor,1,8
4356,suffrage,1,8
4357,sommeliers,1,8
4358,stereotypes,1,8
4359,passed,1,8
4360,twin,1,8
4361,jamacurrent,1,8
4362,launched,1,8
4363,parks,1,8
4364,jalen,1,8
4365,dealt,1,8
4366,momsdemand,1,8
4367,firstwomanvoter,1,8
4368,hotel,1,8
4369,gone,1,8
4370,die,1,8
4371,explains,1,8
4372,abortions,1,8
4373,prepare,1,8
4374,amy,1,8
4375,etsy,1,8
4376,sully720,1,8
4377,brave,1,8
4378,birth,1,8
4379,perinatal,1,8
4380,stone,1,8
4381,realdonaldtrump,1,8
4382,biss,1,8
4383,wintry,1,8
4384,friend,1,8
4385,desiperkins,1,8
4386,profession,1,8
4387,therealhoarse,1,8
4388,ship,1,8
4389,domesticviolenceawarenessmonth,1,8
4390,fighting,1,8
4391,chef,1,8
4392,showers,1,8
4393,beautiful,1,8
4394,weather,1,8
4395,experiences,1,8
4396,fraud,1,8
4397,homelessness,1,8
4398,mask,1,8
4399,smile,1,8
4400,inspired,1,8
4401,joshkurlantzick,1,8
4402,smiles,1,8
4403,garbage,1,8
4404,blessed,1,8
4405,notamorningperson,1,8
4406,earlier,1,8
4407,enter,1,8
4408,drphil,1,8
4409,possibility,1,8
4410,😅❤️,1,8
4411,nestler,1,8
4412,skipped,1,8
4413,flip,1,8
4414,cinéma,1,8
4415,judge,1,8
4416,hope,1,8
4417,cut,1,8
4418,bans,1,8
4419,fund,1,8
4420,justice,1,8
4421,swing,1,8
4422,protestors,1,8
4423,defies,1,8
4424,rips,1,8
4425,ones,1,8
4426,defended,1,8
4427,portal,1,8
4428,gabby,1,8
4429,roundup,1,8
4430,obtuse,1,8
4431,liberals,1,8
4432,maxwell,1,8
4433,meeting,1,8
4434,hear,1,8
4435,graduate,1,8
4436,remarkable,1,8
4437,nashuapolice,1,8
4438,rioters,1,8
4439,godclaims,1,8
4440,et,1,8
4441,tells,1,8
4442,doctor,1,8
4443,cornelwests,1,8
4444,regular,1,8
4445,fbi,1,8
4446,centennial,1,8
4447,milky,1,8
4448,explore,1,8
4449,realities,1,8
4450,collaborative,1,8
4451,gunneddown,1,8
4452,try,1,8
4453,shaunking,1,8
4454,reached,1,8
4455,14plus,1,8
4456,stepfather,1,8
4457,mark,1,8
4458,workfamily,1,8
4459,act,1,8
4460,mitigate,1,8
4461,newborns,1,8
4462,christine,1,8
4463,freed,1,8
4464,hospitals,1,8
4465,iwf,1,8
4466,studying,1,8
4467,85th,1,8
4468,coup,1,8
4469,fake,1,8
4470,delphina,1,8
4471,breakfastinbed,1,8
4472,harmful,1,8
4473,responsibilities,1,8
4474,existing,1,8
4475,fourthgeneration,1,8
4476,economic,1,8
4477,priority,1,8
4478,restricting,1,8
4479,n,1,8
4480,mountain,1,8
4481,protectors,1,8
4482,wish,1,8
4483,gets,1,8
4484,endorse,1,8
4485,turned,1,8
4486,north,1,8
4487,threat,1,8
4488,theyve,1,8
4489,thankful,1,8
4490,rnc2020,1,8
4491,clothes,1,8
4492,amount,1,8
4493,defender,1,8
4494,proverbs,1,8
4495,linkedin,1,8
4496,essay,1,8
4497,jimmyfallon,1,8
4498,alerted,1,8
4499,arrives,1,8
